text,count,freq,font,style,weight,rotate,size,padding,x,y,width,height,xoff,yoff,x1,y1,x0,y0,hasText
like,7,0.1321,impact,normal,normal,90,51,0.6402149287714403,87,-42,128,80,0,0,64,39,-64,-38,true
just,6,0.11320000000000001,Corben,normal,normal,90,47,0.6402149287714403,34,25,96,85,128,0,48,41,-48,-42,true
all,9,0.0849,Corben,normal,normal,0,40,0.6402149287714403,-45,5,64,80,224,0,32,39,-32,-31,true
back,9,0.0849,Pacifico,normal,normal,90,40,0.6402149287714403,44,-84,96,76,288,0,48,37,-48,-36,true
way,4,0.0755,impact,normal,normal,0,38,0.6402149287714403,182,-53,64,76,384,0,32,37,-32,-27,true
then,4,0.0755,impact,normal,normal,0,38,0.6402149287714403,195,-81,96,76,448,0,48,37,-48,-32,true
only,3,0.056600000000000004,Corben,normal,normal,0,32,0.6402149287714403,-9,26,96,64,544,0,48,31,-48,-25,true
still,3,0.056600000000000004,impact,normal,normal,-45,32,0.6402149287714403,91,44,96,83,640,0,48,40,-48,-38,true
too,3,0.056600000000000004,Pacifico,normal,normal,-45,32,0.6402149287714403,-3,54,96,76,736,0,48,37,-48,-24,true
is,14,0.0464,impact,normal,normal,45,29,0.6402149287714403,-106,96,64,57,832,0,32,27,-32,-25,true
am,14,0.0464,impact,normal,normal,-45,29,0.6402149287714403,17,69,96,68,896,0,48,33,-48,-26,true
so,2,0.0377,Corben,normal,normal,90,26,0.6402149287714403,3,-62,64,29,992,0,32,13,-32,-14,true
more,2,0.0377,impact,normal,normal,90,26,0.6402149287714403,-169,76,64,59,1056,0,32,28,-32,-29,true
still,4,0.0377,Pacifico,normal,normal,90,26,0.6402149287714403,133,-32,64,48,1120,0,32,23,-32,-24,true
boy,11,0.0358,impact,normal,normal,45,25,0.6402149287714403,111,88,64,63,1184,0,32,30,-32,-29,true
big,3,0.028300000000000002,impact,normal,normal,-45,22,0.6402149287714403,-56,-25,64,53,1248,0,32,25,-32,-22,true
half,3,0.028300000000000002,Pacifico,normal,normal,90,22,0.6402149287714403,0,-17,64,39,1312,0,32,18,-32,-19,true
gay,3,0.028300000000000002,Corben,normal,normal,90,22,0.6402149287714403,130,10,64,39,1376,0,32,18,-32,-19,true
get,7,0.0232,Pacifico,normal,normal,90,20,0.6402149287714403,25,-68,64,27,1440,0,32,12,-32,-13,true
are,7,0.0232,Corben,normal,normal,-45,20,0.6402149287714403,-15,-107,64,50,1504,0,32,24,-32,-17,true
was,7,0.0232,Corben,normal,normal,90,20,0.6402149287714403,-14,-51,64,40,1568,0,32,19,-32,-20,true
be,7,0.0232,Corben,normal,normal,45,20,0.6402149287714403,-92,-68,64,44,1632,0,32,21,-32,-19,true
like,6,0.0199,impact,normal,normal,90,18,0.6402149287714403,-88,10,64,30,1696,0,32,14,-32,-14,true
cause,6,0.0199,Pacifico,normal,normal,90,18,0.6402149287714403,-167,-100,64,41,1760,0,32,19,-32,-20,true
looking,6,0.0199,Pacifico,normal,normal,90,18,0.6402149287714403,124,-109,64,56,1824,0,32,27,-32,-27,true
make,6,0.0199,Corben,normal,normal,0,18,0.6402149287714403,-142,-121,64,36,1888,0,32,17,-32,-15,true
rap god,6,0.0195,Pacifico,normal,normal,90,18,0.6402149287714403,216,68,64,59,1952,0,32,28,-32,-29,true
nod,6,0.0195,Pacifico,normal,normal,90,18,0.6402149287714403,235,-84,64,28,0,85,32,13,-32,-13,true
ever,1,0.0189,Corben,normal,normal,45,18,0.6402149287714403,49,91,64,52,64,85,32,25,-32,-18,true
really,1,0.0189,impact,normal,normal,90,18,0.6402149287714403,25,-103,64,46,128,85,32,22,-32,-22,true
yep,1,0.0189,Pacifico,normal,normal,45,18,0.6402149287714403,65,77,64,44,192,85,32,21,-32,-14,true
actually disastrously,1,0.0189,Corben,normal,normal,-45,18,0.6402149287714403,157,88,160,156,256,85,80,77,-80,-73,true
masterfully,1,0.0189,impact,normal,normal,0,18,0.6402149287714403,208,-115,96,36,416,85,48,17,-48,-16,true
simply,1,0.0189,Corben,normal,normal,-45,18,0.6402149287714403,107,53,96,69,512,85,48,33,-48,-29,true
barely,1,0.0189,Pacifico,normal,normal,0,18,0.6402149287714403,-90,44,64,36,608,85,32,17,-32,-18,true
basically,1,0.0189,impact,normal,normal,90,18,0.6402149287714403,166,116,64,72,672,85,32,35,-32,-35,true
immediately,1,0.0189,impact,normal,normal,45,18,0.6402149287714403,253,-23,96,95,736,85,48,46,-48,-46,true
honestly,1,0.0189,Corben,normal,normal,-45,18,0.6402149287714403,-65,89,96,80,832,85,48,39,-48,-34,true
for good at least once,1,0.0189,Pacifico,normal,normal,90,18,0.6402149287714403,239,64,64,169,928,85,32,83,-32,-84,true
somewhere,1,0.0189,Corben,normal,normal,45,18,0.6402149287714403,-173,-67,128,98,992,85,64,48,-64,-41,true
maybe,1,0.0189,impact,normal,normal,0,18,0.6402149287714403,173,24,64,36,1120,85,32,17,-32,-16,true
once,1,0.0189,Corben,normal,normal,90,18,0.6402149287714403,-37,-65,64,42,1184,85,32,20,-32,-21,true
sometimes,1,0.0189,Pacifico,normal,normal,0,18,0.6402149287714403,280,-58,96,36,1248,85,48,17,-48,-18,true
pointless,1,0.0189,Corben,normal,normal,90,18,0.6402149287714403,97,-124,64,81,1344,85,32,39,-32,-40,true
very,1,0.0189,impact,normal,normal,0,18,0.6402149287714403,1,-84,64,36,1408,85,32,17,-32,-14,true
forever,1,0.0189,Corben,normal,normal,0,18,0.6402149287714403,49,-35,64,36,1472,85,32,17,-32,-15,true
inadvertently,1,0.0189,Pacifico,normal,normal,90,18,0.6402149287714403,-131,34,64,105,1536,85,32,51,-32,-52,true
feeling,2,0.0189,Pacifico,normal,normal,45,18,0.6402149287714403,-106,-26,64,61,1600,85,32,29,-32,-27,true
long,2,0.0189,Pacifico,normal,normal,90,18,0.6402149287714403,179,-7,64,33,1664,85,32,15,-32,-16,true
same,2,0.0189,Pacifico,normal,normal,90,18,0.6402149287714403,166,-30,64,39,1728,85,32,18,-32,-19,true
well,2,0.0189,Corben,normal,normal,90,18,0.6402149287714403,-55,-81,64,37,1792,85,32,17,-32,-18,true
new,2,0.0189,impact,normal,normal,0,18,0.6402149287714403,-50,-103,64,36,1856,85,32,17,-32,-14,true
full,2,0.0189,Corben,normal,normal,45,18,0.6402149287714403,-61,32,64,46,1920,85,32,22,-32,-18,true
even,2,0.0189,Pacifico,normal,normal,45,18,0.6402149287714403,192,-29,64,49,0,254,32,23,-32,-16,true
little,2,0.0189,Corben,normal,normal,-45,18,0.6402149287714403,-158,20,64,54,64,254,32,26,-32,-20,true
straight,2,0.0189,Pacifico,normal,normal,0,18,0.6402149287714403,5,-130,96,36,128,254,48,17,-48,-18,true
hungry,2,0.0189,Corben,normal,normal,45,18,0.6402149287714403,-29,104,96,72,224,254,48,35,-48,-33,true
normal,2,0.0189,Pacifico,normal,normal,0,18,0.6402149287714403,-75,-118,64,36,320,254,32,17,-32,-18,true
got,5,0.0166,Pacifico,normal,normal,0,16,0.6402149287714403,-79,-52,32,32,384,254,16,15,-16,-16,true
f***,5,0.0163,Corben,normal,normal,45,16,0.6402149287714403,22,94,64,48,416,254,32,23,-32,-19,true
do not know,4,0.0132,impact,normal,normal,45,14,0.6402149287714403,-110,-155,96,72,480,254,48,35,-48,-32,true
know,4,0.0132,Corben,normal,normal,0,14,0.6402149287714403,-50,-137,64,28,576,254,32,13,-32,-12,true
take,4,0.0132,Pacifico,normal,normal,90,14,0.6402149287714403,70,-11,32,27,640,254,16,12,-16,-13,true
person,4,0.013000000000000001,Pacifico,normal,normal,90,14,0.6402149287714403,-99,15,32,41,672,254,16,19,-16,-20,true
front,4,0.013000000000000001,Corben,normal,normal,-45,14,0.6402149287714403,-185,83,64,45,704,254,32,21,-32,-18,true
now,4,0.013000000000000001,Corben,normal,normal,-45,14,0.6402149287714403,-115,-107,64,42,768,254,32,20,-32,-17,true
slap box,4,0.013000000000000001,Pacifico,normal,normal,45,14,0.6402149287714403,-85,-90,64,56,832,254,32,27,-32,-21,true
am beginning,3,0.009899999999999999,impact,normal,normal,90,12,0.6402149287714403,-179,-22,32,74,896,254,16,36,-16,-37,true
feel like,3,0.009899999999999999,Pacifico,normal,normal,90,12,0.6402149287714403,71,-139,32,43,928,254,16,20,-16,-21,true
said,3,0.009899999999999999,Pacifico,normal,normal,90,12,0.6402149287714403,147,-128,32,22,960,254,16,10,-16,-11,true
let,3,0.009899999999999999,Corben,normal,normal,90,12,0.6402149287714403,212,3,32,15,992,254,16,6,-16,-7,true
want,3,0.009899999999999999,Pacifico,normal,normal,0,12,0.6402149287714403,7,102,32,24,1024,254,16,11,-16,-12,true
have,3,0.009899999999999999,impact,normal,normal,0,12,0.6402149287714403,-185,-108,32,24,1056,254,16,11,-16,-11,true
do,3,0.009899999999999999,Pacifico,normal,normal,90,12,0.6402149287714403,244,-103,32,13,1088,254,16,5,-16,-6,true
arm,3,0.0098,impact,normal,normal,45,12,0.6402149287714403,163,38,32,32,1120,254,16,15,-16,-13,true
rap,3,0.0098,impact,normal,normal,-45,12,0.6402149287714403,-56,55,32,30,1152,254,16,14,-16,-13,true
time,3,0.0098,Corben,normal,normal,-45,12,0.6402149287714403,-186,68,64,37,1184,254,32,17,-32,-15,true
here,3,0.0098,impact,normal,normal,90,12,0.6402149287714403,-194,44,32,25,1248,254,16,11,-16,-12,true
rhyme,3,0.0098,impact,normal,normal,90,12,0.6402149287714403,130,45,32,34,1280,254,16,16,-16,-17,true
face,3,0.0098,impact,normal,normal,-45,12,0.6402149287714403,-113,-57,64,34,1312,254,32,16,-32,-14,true
man,3,0.0098,Corben,normal,normal,0,12,0.6402149287714403,30,-18,32,24,1376,254,16,11,-16,-7,true
easy,1,0.009399999999999999,Pacifico,normal,normal,-45,12,0.6402149287714403,207,-8,64,33,1408,254,32,15,-32,-13,true
wrong,1,0.009399999999999999,Corben,normal,normal,0,12,0.6402149287714403,-36,-150,64,24,1472,254,32,11,-32,-7,true
fat,1,0.009399999999999999,impact,normal,normal,0,12,0.6402149287714403,-169,116,32,24,1536,254,16,11,-16,-11,true
living,1,0.009399999999999999,impact,normal,normal,0,12,0.6402149287714403,-98,56,32,24,1568,254,16,11,-16,-11,true
killing,1,0.009399999999999999,Pacifico,normal,normal,0,12,0.6402149287714403,292,-36,64,24,1600,254,32,11,-32,-12,true
honest,1,0.009399999999999999,impact,normal,normal,90,12,0.6402149287714403,-158,-18,32,37,1664,254,16,17,-16,-18,true
rude,1,0.009399999999999999,Pacifico,normal,normal,45,12,0.6402149287714403,5,-107,64,34,1696,254,32,16,-32,-12,true
indecent,1,0.009399999999999999,impact,normal,normal,-45,12,0.6402149287714403,-67,110,64,51,1760,254,32,24,-32,-25,true
killaholic,1,0.009399999999999999,impact,normal,normal,0,12,0.6402149287714403,80,123,64,24,1824,254,32,11,-32,-11,true
pissing,1,0.009399999999999999,impact,normal,normal,45,12,0.6402149287714403,199,100,64,45,1888,254,32,21,-32,-20,true
exact,1,0.009399999999999999,Pacifico,normal,normal,-45,12,0.6402149287714403,-207,53,64,37,1952,254,32,17,-32,-18,true
lyrical,1,0.009399999999999999,Corben,normal,normal,45,12,0.6402149287714403,39,124,64,44,0,328,32,21,-32,-21,true
able,1,0.009399999999999999,impact,normal,normal,45,12,0.6402149287714403,163,-138,64,34,64,328,32,16,-32,-14,true
over,1,0.009399999999999999,Corben,normal,normal,0,12,0.6402149287714403,-130,-19,32,24,128,328,16,11,-16,-7,true
ironic,1,0.009399999999999999,Pacifico,normal,normal,-45,12,0.6402149287714403,-149,33,64,38,160,328,32,18,-32,-16,true
rough,1,0.009399999999999999,Corben,normal,normal,45,12,0.6402149287714403,-134,105,64,43,224,328,32,20,-32,-18,true
bad,1,0.009399999999999999,impact,normal,normal,0,12,0.6402149287714403,72,137,32,24,288,328,16,11,-16,-11,true
hard,1,0.009399999999999999,impact,normal,normal,-45,12,0.6402149287714403,85,-85,64,35,320,328,32,16,-32,-17,true
secret,1,0.009399999999999999,Corben,normal,normal,-45,12,0.6402149287714403,-196,-124,64,43,384,328,32,20,-32,-18,true
truthful,1,0.009399999999999999,Pacifico,normal,normal,45,12,0.6402149287714403,292,-13,64,48,448,328,32,23,-32,-21,true
youthful,1,0.009399999999999999,Pacifico,normal,normal,45,12,0.6402149287714403,-36,124,64,49,512,328,32,23,-32,-20,true
everyday,1,0.009399999999999999,impact,normal,normal,90,12,0.6402149287714403,267,-91,32,49,576,328,16,23,-16,-24,true
capable,1,0.009399999999999999,Pacifico,normal,normal,90,12,0.6402149287714403,89,94,32,39,608,328,16,18,-16,-19,true
trailer,1,0.009399999999999999,Pacifico,normal,normal,0,12,0.6402149287714403,273,28,64,24,640,328,32,11,-32,-12,true
rodent,1,0.009399999999999999,Corben,normal,normal,45,12,0.6402149287714403,-225,73,64,45,704,328,32,21,-32,-18,true
omnipotent,1,0.009399999999999999,Corben,normal,normal,-45,12,0.6402149287714403,138,-153,96,67,768,328,48,32,-48,-30,true
dead,1,0.009399999999999999,Pacifico,normal,normal,0,12,0.6402149287714403,-8,94,32,24,864,328,16,11,-16,-12,true
talking,1,0.009399999999999999,Pacifico,normal,normal,-45,12,0.6402149287714403,-57,143,64,44,896,328,32,21,-32,-22,true
deep,1,0.009399999999999999,impact,normal,normal,-45,12,0.6402149287714403,159,58,64,36,960,328,32,17,-32,-16,true
common,1,0.009399999999999999,impact,normal,normal,90,12,0.6402149287714403,318,-31,32,47,1024,328,16,22,-16,-23,true
brutal,1,0.009399999999999999,Pacifico,normal,normal,90,12,0.6402149287714403,-199,12,32,35,1056,328,16,16,-16,-17,true
tough,1,0.009399999999999999,impact,normal,normal,90,12,0.6402149287714403,-149,117,32,31,1088,328,16,14,-16,-15,true
underground,1,0.009399999999999999,Pacifico,normal,normal,90,12,0.6402149287714403,289,-109,32,67,1120,328,16,32,-16,-33,true
immortal,1,0.009399999999999999,Pacifico,normal,normal,90,12,0.6402149287714403,13,133,32,51,1152,328,16,24,-16,-25,true
mad,1,0.009399999999999999,Pacifico,normal,normal,-45,12,0.6402149287714403,228,-25,64,33,1184,328,32,15,-32,-16,true
special,1,0.009399999999999999,impact,normal,normal,-45,12,0.6402149287714403,-117,-83,64,45,1248,328,32,21,-32,-22,true
supersonic,1,0.009399999999999999,Pacifico,normal,normal,-45,12,0.6402149287714403,141,124,64,56,1312,328,32,27,-32,-24,true
jealous,1,0.009399999999999999,Corben,normal,normal,90,12,0.6402149287714403,-199,-26,32,43,1376,328,16,20,-16,-21,true
diverse,1,0.009399999999999999,Corben,normal,normal,-45,12,0.6402149287714403,-230,47,64,49,1408,328,32,23,-32,-20,true
many,1,0.009399999999999999,Corben,normal,normal,0,12,0.6402149287714403,-222,26,64,24,1472,328,32,11,-32,-7,true
nice,1,0.009399999999999999,impact,normal,normal,90,12,0.6402149287714403,57,-131,32,24,1536,328,16,11,-16,-12,true
junky,1,0.009399999999999999,Corben,normal,normal,0,12,0.6402149287714403,278,46,64,24,1568,328,32,11,-32,-10,true
above,1,0.009399999999999999,Pacifico,normal,normal,-45,12,0.6402149287714403,-198,110,64,38,1632,328,32,18,-32,-15,true
ill,1,0.009399999999999999,Pacifico,normal,normal,45,12,0.6402149287714403,-41,-35,32,26,1696,328,16,12,-16,-10,true
drunk,1,0.009399999999999999,Pacifico,normal,normal,-45,12,0.6402149287714403,332,3,64,40,1728,328,32,19,-32,-20,true
asleep,1,0.009399999999999999,Corben,normal,normal,45,12,0.6402149287714403,-200,-71,64,44,1792,328,32,21,-32,-17,true
chunky,1,0.009399999999999999,impact,normal,normal,-45,12,0.6402149287714403,-218,3,64,45,1856,328,32,21,-32,-21,true
funky,1,0.009399999999999999,Pacifico,normal,normal,90,12,0.6402149287714403,-147,-92,32,30,1920,328,16,14,-16,-14,true
bitter,1,0.009399999999999999,impact,normal,normal,0,12,0.6402149287714403,40,-151,32,24,1952,328,16,11,-16,-11,true
patient,1,0.009399999999999999,impact,normal,normal,0,12,0.6402149287714403,-261,26,64,24,0,395,32,11,-32,-11,true
sympathetic,1,0.009399999999999999,Corben,normal,normal,45,12,0.6402149287714403,-16,-173,96,71,64,395,48,34,-48,-30,true
fatal,1,0.009399999999999999,Pacifico,normal,normal,-45,12,0.6402149287714403,-258,54,64,36,160,395,32,17,-32,-18,true
overseas,1,0.009399999999999999,impact,normal,normal,90,12,0.6402149287714403,-67,-173,32,50,224,395,16,24,-16,-25,true
look,2,0.0066,Corben,normal,normal,45,9,0.6402149287714403,133,75,32,28,256,395,16,13,-16,-13,true
go,2,0.0066,impact,normal,normal,0,9,0.6402149287714403,-81,-33,32,18,288,395,16,8,-16,-8,true
have got,2,0.0066,impact,normal,normal,90,9,0.6402149287714403,-217,-59,32,35,320,395,16,16,-16,-17,true
means,2,0.0066,Corben,normal,normal,-45,9,0.6402149287714403,-223,-23,64,35,352,395,32,16,-32,-15,true
think,2,0.0066,impact,normal,normal,45,9,0.6402149287714403,107,14,32,28,416,395,16,13,-16,-13,true
say,2,0.0066,impact,normal,normal,-45,9,0.6402149287714403,-172,128,32,23,448,395,16,10,-16,-11,true
thinks,2,0.0066,impact,normal,normal,90,9,0.6402149287714403,187,-141,32,26,480,395,16,12,-16,-13,true
made,2,0.0066,Corben,normal,normal,45,9,0.6402149287714403,265,65,32,31,512,395,16,14,-16,-12,true
is not,2,0.0066,impact,normal,normal,-45,9,0.6402149287714403,-241,-17,32,29,544,395,16,13,-16,-14,true
use,2,0.0066,impact,normal,normal,45,9,0.6402149287714403,76,106,32,24,576,395,16,11,-16,-11,true
walk,2,0.0066,Corben,normal,normal,-45,9,0.6402149287714403,-2,136,32,30,608,395,16,14,-16,-13,true
say looking,2,0.0066,Pacifico,normal,normal,90,9,0.6402149287714403,217,-154,32,46,640,395,16,22,-16,-23,true
put,2,0.0066,Corben,normal,normal,0,9,0.6402149287714403,-57,-53,32,18,672,395,16,8,-16,-7,true
chance,2,0.006500000000000001,Pacifico,normal,normal,45,9,0.6402149287714403,-145,-65,32,31,704,395,16,14,-16,-12,true
something,2,0.006500000000000001,Pacifico,normal,normal,45,9,0.6402149287714403,-99,128,64,42,736,395,32,20,-32,-17,true
trouble,2,0.006500000000000001,Corben,normal,normal,45,9,0.6402149287714403,-18,-21,64,36,800,395,32,17,-32,-15,true
rapper,2,0.006500000000000001,impact,normal,normal,45,9,0.6402149287714403,-87,72,64,33,864,395,32,15,-32,-15,true
everybody,2,0.006500000000000001,impact,normal,normal,45,9,0.6402149287714403,197,114,64,43,928,395,32,20,-32,-19,true
nothing,2,0.006500000000000001,Corben,normal,normal,-45,9,0.6402149287714403,-239,-40,64,39,992,395,32,18,-32,-18,true
school,2,0.006500000000000001,Pacifico,normal,normal,-45,9,0.6402149287714403,195,142,32,31,1056,395,16,14,-16,-15,true
music,2,0.006500000000000001,Pacifico,normal,normal,45,9,0.6402149287714403,-259,3,32,29,1088,395,16,13,-16,-11,true
doc,2,0.006500000000000001,Corben,normal,normal,90,9,0.6402149287714403,-25,79,32,17,1120,395,16,7,-16,-8,true
hall of fame,2,0.006500000000000001,Pacifico,normal,normal,90,9,0.6402149287714403,-268,-38,32,50,1152,395,16,24,-16,-24,true
church,2,0.006500000000000001,impact,normal,normal,0,9,0.6402149287714403,52,-164,32,18,1184,395,16,8,-16,-9,true
looking boy,2,0.006500000000000001,Pacifico,normal,normal,90,9,0.6402149287714403,69,160,32,46,1216,395,16,22,-16,-22,true
back,2,0.006500000000000001,Corben,normal,normal,-45,9,0.6402149287714403,-275,-1,32,29,1248,395,16,13,-16,-12,true
i'mma,2,0.006500000000000001,impact,normal,normal,90,9,0.6402149287714403,-143,64,32,26,1280,395,16,12,-16,-13,true
nascar,2,0.006500000000000001,Corben,normal,normal,0,9,0.6402149287714403,46,157,32,18,1312,395,16,8,-16,-6,true
asgard,2,0.006500000000000001,Pacifico,normal,normal,-45,9,0.6402149287714403,-234,-69,64,33,1344,395,32,15,-32,-16,true
head,2,0.006500000000000001,Corben,normal,normal,-45,9,0.6402149287714403,152,-148,32,29,1408,395,16,13,-16,-13,true
ray j,2,0.006500000000000001,impact,normal,normal,-45,9,0.6402149287714403,-228,89,32,25,1440,395,16,11,-16,-12,true
fab,2,0.006500000000000001,Pacifico,normal,normal,90,9,0.6402149287714403,-246,35,32,14,1472,395,16,6,-16,-6,true
day,2,0.006500000000000001,impact,normal,normal,90,9,0.6402149287714403,-44,48,32,15,1504,395,16,6,-16,-7,true
song,2,0.006500000000000001,impact,normal,normal,90,9,0.6402149287714403,23,35,32,21,1536,395,16,9,-16,-10,true
verse,2,0.006500000000000001,Pacifico,normal,normal,90,9,0.6402149287714403,251,-84,32,22,1568,395,16,10,-16,-11,true
tongue,2,0.006500000000000001,impact,normal,normal,45,9,0.6402149287714403,-294,27,64,33,1600,395,32,15,-32,-16,true
satan,2,0.006500000000000001,Pacifico,normal,normal,45,9,0.6402149287714403,-194,127,32,29,1664,395,16,13,-16,-11,true
woman,2,0.006500000000000001,Pacifico,normal,normal,90,9,0.6402149287714403,-251,76,32,29,1696,395,16,13,-16,-14,true
mistake,2,0.006500000000000001,Pacifico,normal,normal,0,9,0.6402149287714403,243,-133,64,18,1728,395,32,8,-32,-9,true
king,2,0.006500000000000001,impact,normal,normal,-45,9,0.6402149287714403,196,66,32,26,1792,395,16,12,-16,-13,true
feeling,1,0.0033,impact,normal,normal,-45,6,0.6402149287714403,-108,-9,32,23,1824,395,16,10,-16,-11,true
minute,1,0.0033,impact,normal,normal,-45,6,0.6402149287714403,-119,-68,32,23,1856,395,16,10,-16,-11,true
slim shady,1,0.0033,impact,normal,normal,0,6,0.6402149287714403,-120,-137,32,12,1888,395,16,5,-16,-6,true
something is,1,0.0033,impact,normal,normal,45,6,0.6402149287714403,-130,-157,64,35,1920,395,32,16,-32,-17,true
banana,1,0.0033,Pacifico,normal,normal,45,6,0.6402149287714403,-34,-125,32,23,1984,395,16,10,-16,-11,true
doctor,1,0.0033,impact,normal,normal,-45,6,0.6402149287714403,141,-69,32,22,0,466,16,10,-16,-11,true
robot,1,0.0033,impact,normal,normal,0,6,0.6402149287714403,-213,-89,32,12,32,466,16,5,-16,-6,true
rapbot,1,0.0033,Corben,normal,normal,0,6,0.6402149287714403,-227,-99,32,12,64,466,16,5,-16,-6,true
computer,1,0.0033,Corben,normal,normal,0,6,0.6402149287714403,42,-29,32,12,96,466,16,5,-16,-5,true
gene,1,0.0033,Corben,normal,normal,-45,6,0.6402149287714403,-217,-118,32,19,128,466,16,8,-16,-9,true
laptop,1,0.0033,impact,normal,normal,90,6,0.6402149287714403,61,-24,32,19,160,466,16,8,-16,-9,true
pocket,1,0.0033,Corben,normal,normal,0,6,0.6402149287714403,-13,-75,32,12,192,466,16,5,-16,-6,true
pen,1,0.0033,Pacifico,normal,normal,0,6,0.6402149287714403,92,130,32,12,224,466,16,5,-16,-4,true
c***,1,0.0033,Pacifico,normal,normal,90,6,0.6402149287714403,-211,-35,32,14,256,466,16,6,-16,-7,true
knot,1,0.0033,impact,normal,normal,0,6,0.6402149287714403,61,111,32,12,288,466,16,5,-16,-6,true
rap profit,1,0.0033,impact,normal,normal,0,6,0.6402149287714403,-35,148,32,12,320,466,16,5,-16,-6,true
bill clinton,1,0.0033,Corben,normal,normal,45,6,0.6402149287714403,-119,134,64,33,352,466,32,15,-32,-16,true
office,1,0.0033,Corben,normal,normal,-45,6,0.6402149287714403,145,-84,32,21,416,466,16,9,-16,-10,true
monica lewinsky,1,0.0033,impact,normal,normal,0,6,0.6402149287714403,-154,141,64,12,448,466,32,5,-32,-6,true
nut sack,1,0.0033,Pacifico,normal,normal,45,6,0.6402149287714403,-296,-14,32,26,512,466,16,12,-16,-10,true
mc,1,0.0033,Pacifico,normal,normal,45,6,0.6402149287714403,-57,11,32,14,544,466,16,6,-16,-5,true
syllable,1,0.0033,Pacifico,normal,normal,0,6,0.6402149287714403,-142,-111,32,12,576,466,16,5,-16,-6,true
kill,1,0.0033,impact,normal,normal,90,6,0.6402149287714403,-71,-45,32,10,608,466,16,4,-16,-5,true
slickety,1,0.0033,Corben,normal,normal,-45,6,0.6402149287714403,-239,-82,32,27,640,466,16,12,-16,-13,true
gibbedy,1,0.0033,Corben,normal,normal,-45,6,0.6402149287714403,71,18,32,27,672,466,16,12,-16,-13,true
hibbedy hip hop,1,0.0033,Pacifico,normal,normal,-45,6,0.6402149287714403,-256,-103,64,39,704,466,32,18,-32,-19,true
match,1,0.0033,impact,normal,normal,-45,6,0.6402149287714403,228,116,32,22,768,466,16,10,-16,-10,true
rappidy rap,1,0.0033,Pacifico,normal,normal,45,6,0.6402149287714403,-180,-146,32,32,800,466,16,15,-16,-14,true
mac,1,0.0033,Pacifico,normal,normal,-45,6,0.6402149287714403,-207,7,32,17,832,466,16,7,-16,-7,true
ac,1,0.0033,Pacifico,normal,normal,-45,6,0.6402149287714403,-176,38,32,13,864,466,16,5,-16,-5,true
backpack rap,1,0.0033,Pacifico,normal,normal,90,6,0.6402149287714403,202,-148,32,38,896,466,16,18,-16,-19,true
yac,1,0.0033,Corben,normal,normal,90,6,0.6402149287714403,-22,-59,32,12,928,466,16,5,-16,-6,true
acrobat stunt,1,0.0033,Pacifico,normal,normal,0,6,0.6402149287714403,114,-168,64,12,960,466,32,5,-32,-6,true
motherf***in table,1,0.0033,Corben,normal,normal,90,6,0.6402149287714403,-280,-49,32,63,1024,466,16,30,-16,-31,true
couple of faggots,1,0.0033,Pacifico,normal,normal,45,6,0.6402149287714403,-1,164,64,43,1056,466,32,20,-32,-19,true
signed,1,0.0033,impact,normal,normal,45,6,0.6402149287714403,-125,96,32,23,1120,466,16,10,-16,-10,true
aftermath,1,0.0033,impact,normal,normal,0,6,0.6402149287714403,-41,-164,32,12,1152,466,16,5,-16,-6,true
fact,1,0.0033,impact,normal,normal,-45,6,0.6402149287714403,155,-109,32,17,1184,466,16,7,-16,-8,true
do,1,0.0033,Corben,normal,normal,-45,6,0.6402149287714403,153,73,32,14,1216,466,16,6,-16,-6,true
wrath,1,0.0033,Pacifico,normal,normal,-45,6,0.6402149287714403,-238,-1,32,21,1248,466,16,9,-16,-10,true
time period,1,0.0033,impact,normal,normal,45,6,0.6402149287714403,302,25,32,32,1280,466,16,15,-16,-16,true
maxipad,1,0.0033,Corben,normal,normal,90,6,0.6402149287714403,-291,-39,32,30,1312,466,16,14,-16,-15,true
wack,1,0.0033,impact,normal,normal,-45,6,0.6402149287714403,-139,44,32,19,1344,466,16,8,-16,-9,true
masterpiece,1,0.0033,impact,normal,normal,90,6,0.6402149287714403,87,-132,32,37,1376,466,16,17,-16,-18,true
s***,1,0.0033,Corben,normal,normal,0,6,0.6402149287714403,55,11,32,12,1408,466,16,5,-16,-6,true
hard,1,0.0033,Pacifico,normal,normal,-45,6,0.6402149287714403,-96,-56,32,18,1440,466,16,8,-16,-9,true
key,1,0.0033,Pacifico,normal,normal,0,6,0.6402149287714403,46,-124,32,12,1472,466,16,5,-16,-6,true
rap immortality,1,0.0033,Corben,normal,normal,90,6,0.6402149287714403,-314,-6,32,52,1504,466,16,25,-16,-26,true
blueprint,1,0.0033,impact,normal,normal,0,6,0.6402149287714403,160,-1,32,12,1536,466,16,5,-16,-6,true
exuberance,1,0.0033,impact,normal,normal,0,6,0.6402149287714403,40,-175,64,12,1568,466,32,5,-32,-6,true
nuisance,1,0.0033,impact,normal,normal,45,6,0.6402149287714403,-107,157,32,28,1632,466,16,13,-16,-14,true
earth,1,0.0033,impact,normal,normal,90,6,0.6402149287714403,-107,10,32,16,1664,466,16,7,-16,-8,true
asteroid,1,0.0033,Corben,normal,normal,45,6,0.6402149287714403,-183,-95,32,28,1696,466,16,13,-16,-12,true
moon,1,0.0033,Pacifico,normal,normal,90,6,0.6402149287714403,-14,1,32,15,1728,466,16,6,-16,-7,true
mc get,1,0.0033,Pacifico,normal,normal,0,6,0.6402149287714403,39,146,32,12,1760,466,16,5,-16,-6,true
vehicle,1,0.0033,Corben,normal,normal,-45,6,0.6402149287714403,263,-116,32,25,1792,466,16,11,-16,-11,true
bust,1,0.0033,impact,normal,normal,90,6,0.6402149287714403,112,-100,32,13,1824,466,16,5,-16,-6,true
student,1,0.0033,Pacifico,normal,normal,45,6,0.6402149287714403,73,-171,32,24,1856,466,16,11,-16,-9,true
product of rakim,1,0.0033,Pacifico,normal,normal,0,6,0.6402149287714403,298,57,64,12,1888,466,32,5,-32,-6,true
lakim shabazz,1,0.0033,Pacifico,normal,normal,90,6,0.6402149287714403,-282,60,32,40,1952,466,16,19,-16,-20,true
2pac n,1,0.0033,impact,normal,normal,0,6,0.6402149287714403,-267,13,32,12,1984,466,16,5,-16,-6,true
w.a,1,0.0033,Corben,normal,normal,90,6,0.6402149287714403,-157,117,32,12,0,529,16,5,-16,-6,true
cube,1,0.0033,Pacifico,normal,normal,90,6,0.6402149287714403,-39,34,32,12,32,529,16,5,-16,-6,true
ren,1,0.0033,impact,normal,normal,-45,6,0.6402149287714403,152,42,32,16,64,529,16,7,-16,-8,true
yella,1,0.0033,impact,normal,normal,0,6,0.6402149287714403,50,-144,32,12,96,529,16,5,-16,-6,true
eazy,1,0.0033,Pacifico,normal,normal,-45,6,0.6402149287714403,206,50,32,17,128,529,16,7,-16,-7,true
slim,1,0.0033,impact,normal,normal,-45,6,0.6402149287714403,-35,-92,32,18,160,529,16,8,-16,-8,true
one day,1,0.0033,Corben,normal,normal,45,6,0.6402149287714403,136,152,32,26,192,529,16,12,-16,-11,true
position,1,0.0033,Pacifico,normal,normal,45,6,0.6402149287714403,207,-35,32,24,224,529,16,11,-16,-11,true
run dmc,1,0.0033,Corben,normal,normal,0,6,0.6402149287714403,-231,106,32,12,256,529,16,5,-16,-6,true
induct,1,0.0033,impact,normal,normal,0,6,0.6402149287714403,158,7,32,12,288,529,16,5,-16,-6,true
motherf***in rock n,1,0.0033,impact,normal,normal,-45,6,0.6402149287714403,-85,-186,64,47,320,529,32,22,-32,-23,true
ball of flames,1,0.0033,Corben,normal,normal,45,6,0.6402149287714403,321,-70,64,39,384,529,32,18,-32,-19,true
alcohol of fame,1,0.0033,Pacifico,normal,normal,45,6,0.6402149287714403,-18,167,64,40,448,529,32,19,-32,-17,true
wall of shame,1,0.0033,Corben,normal,normal,90,6,0.6402149287714403,153,137,32,45,512,529,16,21,-16,-22,true
game today,1,0.0033,Corben,normal,normal,0,6,0.6402149287714403,288,-49,64,12,544,529,32,5,-32,-6,true
flock of flames,1,0.0033,impact,normal,normal,0,6,0.6402149287714403,38,164,64,12,608,529,32,5,-32,-6,true
massacre,1,0.0033,impact,normal,normal,45,6,0.6402149287714403,340,-19,32,29,672,529,16,13,-16,-14,true
place,1,0.0033,impact,normal,normal,-45,6,0.6402149287714403,193,127,32,20,704,529,16,9,-16,-9,true
vey,1,0.0033,Pacifico,normal,normal,90,6,0.6402149287714403,25,70,32,10,736,529,16,4,-16,-5,true
thumb,1,0.0033,Corben,normal,normal,90,6,0.6402149287714403,106,104,32,22,768,529,16,10,-16,-11,true
pat,1,0.0033,Pacifico,normal,normal,45,6,0.6402149287714403,-232,-35,32,15,800,529,16,6,-16,-6,true
label,1,0.0033,Corben,normal,normal,90,6,0.6402149287714403,-79,-12,32,16,832,529,16,7,-16,-8,true
hell,1,0.0033,Corben,normal,normal,45,6,0.6402149287714403,112,145,32,17,864,529,16,7,-16,-8,true
dre,1,0.0033,Corben,normal,normal,-45,6,0.6402149287714403,-87,-159,32,16,896,529,16,7,-16,-7,true
everything,1,0.0033,impact,normal,normal,0,6,0.6402149287714403,176,-159,32,12,928,529,16,5,-16,-6,true
nobody,1,0.0033,Pacifico,normal,normal,-45,6,0.6402149287714403,-222,122,32,23,960,529,16,10,-16,-11,true
outta,1,0.0033,impact,normal,normal,-45,6,0.6402149287714403,15,-167,32,19,992,529,16,8,-16,-9,true
pace,1,0.0033,Pacifico,normal,normal,90,6,0.6402149287714403,123,52,32,13,1024,529,16,5,-16,-6,true
track,1,0.0033,Pacifico,normal,normal,-45,6,0.6402149287714403,243,-149,32,20,1056,529,16,9,-16,-10,true
dale earnhardt of,1,0.0033,impact,normal,normal,0,6,0.6402149287714403,-64,161,64,12,1088,529,32,5,-32,-6,true
park,1,0.0033,Pacifico,normal,normal,-45,6,0.6402149287714403,260,-48,32,18,1152,529,16,8,-16,-9,true
white trash god,1,0.0033,Corben,normal,normal,90,6,0.6402149287714403,261,97,32,51,1184,529,16,24,-16,-25,true
general zod,1,0.0033,impact,normal,normal,0,6,0.6402149287714403,350,-38,64,12,1216,529,32,5,-32,-6,true
planet krypton,1,0.0033,impact,normal,normal,90,6,0.6402149287714403,-268,90,32,42,1280,529,16,20,-16,-21,true
thor,1,0.0033,impact,normal,normal,90,6,0.6402149287714403,196,76,32,12,1312,529,16,5,-16,-6,true
odin,1,0.0033,Pacifico,normal,normal,0,6,0.6402149287714403,-147,-134,32,12,1344,529,16,5,-16,-6,true
bomb,1,0.0033,Corben,normal,normal,45,6,0.6402149287714403,-296,7,32,22,1376,529,16,10,-16,-11,true
totin,1,0.0033,impact,normal,normal,45,6,0.6402149287714403,-75,67,32,18,1408,529,16,8,-16,-9,true
woken,1,0.0033,Corben,normal,normal,-45,6,0.6402149287714403,-215,-19,32,24,1440,529,16,11,-16,-10,true
walking,1,0.0033,impact,normal,normal,90,6,0.6402149287714403,-296,54,32,23,1472,529,16,10,-16,-11,true
zombie,1,0.0033,Pacifico,normal,normal,-45,6,0.6402149287714403,-228,-117,32,22,1504,529,16,10,-16,-10,true
mom,1,0.0033,impact,normal,normal,90,6,0.6402149287714403,-33,69,32,15,1536,529,16,6,-16,-7,true
throating,1,0.0033,Corben,normal,normal,45,6,0.6402149287714403,322,-85,32,31,1568,529,16,14,-16,-14,true
ramen noodle,1,0.0033,Corben,normal,normal,0,6,0.6402149287714403,120,-175,64,12,1600,529,32,5,-32,-6,true
poodle,1,0.0033,Corben,normal,normal,0,6,0.6402149287714403,174,-169,32,12,1664,529,16,5,-16,-6,true
doberman,1,0.0033,impact,normal,normal,90,6,0.6402149287714403,-258,-83,32,30,1696,529,16,14,-16,-15,true
pinch,1,0.0033,Pacifico,normal,normal,0,6,0.6402149287714403,8,-40,32,12,1728,529,16,5,-16,-6,true
homage,1,0.0033,Corben,normal,normal,0,6,0.6402149287714403,-297,-75,32,12,1760,529,16,5,-16,-6,true
pupil,1,0.0033,impact,normal,normal,0,6,0.6402149287714403,-192,-50,32,12,1792,529,16,5,-16,-6,true
honesty,1,0.0033,Pacifico,normal,normal,45,6,0.6402149287714403,-145,-156,32,24,1824,529,16,11,-16,-11,true
chicken,1,0.0033,impact,normal,normal,0,6,0.6402149287714403,-50,170,32,12,1856,529,16,5,-16,-6,true
doodle,1,0.0033,Pacifico,normal,normal,90,6,0.6402149287714403,227,-5,32,19,1888,529,16,8,-16,-9,true
looking,1,0.0033,Corben,normal,normal,90,6,0.6402149287714403,104,159,32,26,1920,529,16,12,-16,-13,true
lunchtime,1,0.0033,Pacifico,normal,normal,45,6,0.6402149287714403,293,75,32,28,1952,529,16,13,-16,-14,true
king of,1,0.0033,Corben,normal,normal,45,6,0.6402149287714403,87,164,32,25,1984,529,16,11,-16,-12,true
pharoahe monch grind,1,0.0033,Corben,normal,normal,90,6,0.6402149287714403,-205,161,32,75,0,604,16,36,-16,-37,true
skin color of mine,1,0.0033,impact,normal,normal,90,6,0.6402149287714403,88,-203,32,52,32,604,16,25,-16,-26,true
censor,1,0.0033,Pacifico,normal,normal,0,6,0.6402149287714403,-211,98,32,12,64,604,16,5,-16,-4,true
marshall mathers lp,1,0.0033,Pacifico,normal,normal,45,6,0.6402149287714403,51,188,64,51,96,604,32,24,-32,-23,true
kid,1,0.0033,Pacifico,normal,normal,0,6,0.6402149287714403,-51,-173,32,12,160,604,16,5,-16,-6,true
columbine,1,0.0033,impact,normal,normal,0,6,0.6402149287714403,-286,88,32,12,192,604,16,5,-16,-6,true
line,1,0.0033,impact,normal,normal,-45,6,0.6402149287714403,-153,-141,32,17,224,604,16,7,-16,-8,true
add,1,0.0033,impact,normal,normal,90,6,0.6402149287714403,-189,10,32,11,256,604,16,4,-16,-5,true
ak,1,0.0033,Pacifico,normal,normal,45,6,0.6402149287714403,113,-122,32,14,288,604,16,6,-16,-4,true
revolver,1,0.0033,Corben,normal,normal,0,6,0.6402149287714403,126,169,32,12,320,604,16,5,-16,-6,true
morphed,1,0.0033,Corben,normal,normal,-45,6,0.6402149287714403,-143,161,32,30,352,604,16,14,-16,-15,true
coming,1,0.0033,impact,normal,normal,90,6,0.6402149287714403,256,3,32,22,384,604,16,10,-16,-11,true
portal,1,0.0033,impact,normal,normal,90,6,0.6402149287714403,-110,69,32,18,416,604,16,8,-16,-9,true
time warp,1,0.0033,Pacifico,normal,normal,45,6,0.6402149287714403,-310,-46,32,29,448,604,16,13,-16,-14,true
rapunzel,1,0.0033,impact,normal,normal,0,6,0.6402149287714403,-256,116,32,12,480,604,16,5,-16,-6,true
cornrow,1,0.0033,Pacifico,normal,normal,0,6,0.6402149287714403,312,-105,32,12,512,604,16,5,-16,-5,true
raygun,1,0.0033,impact,normal,normal,0,6,0.6402149287714403,-250,127,32,12,544,604,16,5,-16,-6,true
future,1,0.0033,Pacifico,normal,normal,90,6,0.6402149287714403,-142,-4,32,18,576,604,16,8,-16,-9,true
fabolou,1,0.0033,Corben,normal,normal,45,6,0.6402149287714403,-306,-56,32,26,608,604,16,12,-16,-12,true
fag,1,0.0033,impact,normal,normal,90,6,0.6402149287714403,121,62,32,10,640,604,16,4,-16,-5,true
maywhether pad,1,0.0033,Pacifico,normal,normal,45,6,0.6402149287714403,-180,-166,64,42,672,604,32,20,-32,-19,true
singin,1,0.0033,Pacifico,normal,normal,-45,6,0.6402149287714403,3,143,32,20,736,604,16,9,-16,-9,true
piano,1,0.0033,Pacifico,normal,normal,90,6,0.6402149287714403,-179,-126,32,16,768,604,16,7,-16,-8,true
24/7,1,0.0033,impact,normal,normal,0,6,0.6402149287714403,190,33,32,12,800,604,16,5,-16,-6,true
cable channel,1,0.0033,Pacifico,normal,normal,45,6,0.6402149287714403,323,33,64,35,832,604,32,16,-32,-15,true
radio station,1,0.0033,impact,normal,normal,-45,6,0.6402149287714403,-213,-146,64,35,896,604,32,16,-32,-17,true
lyrics,1,0.0033,impact,normal,normal,45,6,0.6402149287714403,-43,104,32,20,960,604,16,9,-16,-10,true
speed,1,0.0033,Corben,normal,normal,45,6,0.6402149287714403,8,-187,32,22,992,604,16,10,-16,-9,true
jj fad,1,0.0033,Pacifico,normal,normal,0,6,0.6402149287714403,-200,-142,32,12,1024,604,16,5,-16,-6,true
sama lamaa duma lamaa,1,0.0033,Pacifico,normal,normal,-45,6,0.6402149287714403,209,150,64,58,1056,604,32,28,-32,-29,true
human,1,0.0033,impact,normal,normal,45,6,0.6402149287714403,307,73,32,23,1120,604,16,10,-16,-11,true
innovative,1,0.0033,impact,normal,normal,90,6,0.6402149287714403,-124,156,32,31,1152,604,16,14,-16,-15,true
rubber,1,0.0033,Pacifico,normal,normal,90,6,0.6402149287714403,336,18,32,20,1184,604,16,9,-16,-10,true
anything,1,0.0033,impact,normal,normal,45,6,0.6402149287714403,-245,-138,32,27,1216,604,16,12,-16,-12,true
motherf***in audience,1,0.0033,Corben,normal,normal,45,6,0.6402149287714403,-171,163,64,63,1248,604,32,30,-32,-30,true
like,1,0.0033,Pacifico,normal,normal,-45,6,0.6402149287714403,-244,-52,32,16,1312,604,16,7,-16,-7,true
hater,1,0.0033,impact,normal,normal,-45,6,0.6402149287714403,275,-134,32,20,1344,604,16,9,-16,-10,true
elevator music,1,0.0033,Pacifico,normal,normal,45,6,0.6402149287714403,-14,-194,64,38,1376,604,32,18,-32,-17,true
hop,1,0.0033,Corben,normal,normal,90,6,0.6402149287714403,157,-45,32,13,1440,604,16,5,-16,-6,true
hella,1,0.0033,Corben,normal,normal,45,6,0.6402149287714403,-287,-89,32,20,1472,604,16,9,-16,-9,true
fuse,1,0.0033,Corben,normal,normal,90,6,0.6402149287714403,225,23,32,14,1504,604,16,6,-16,-7,true
rock,1,0.0033,Corben,normal,normal,45,6,0.6402149287714403,-163,-45,32,19,1536,604,16,8,-16,-8,true
throw,1,0.0033,Corben,normal,normal,-45,6,0.6402149287714403,-80,-178,32,23,1568,604,16,10,-16,-11,true
lose,1,0.0033,impact,normal,normal,0,6,0.6402149287714403,-23,33,32,12,1600,604,16,5,-16,-6,true
word,1,0.0033,Corben,normal,normal,-45,6,0.6402149287714403,-219,50,32,21,1632,604,16,9,-16,-10,true
virgin,1,0.0033,impact,normal,normal,-45,6,0.6402149287714403,28,-191,32,20,1664,604,16,9,-16,-10,true
school flunkie,1,0.0033,impact,normal,normal,0,6,0.6402149287714403,129,-183,64,12,1696,604,32,5,-32,-6,true
pill,1,0.0033,impact,normal,normal,0,6,0.6402149287714403,28,128,32,12,1760,604,16,5,-16,-6,true
accolades the skill,1,0.0033,impact,normal,normal,45,6,0.6402149287714403,-96,181,64,47,1792,604,32,22,-32,-23,true
myself,1,0.0033,Corben,normal,normal,0,6,0.6402149287714403,-33,182,32,12,1856,604,16,5,-16,-6,true
myself cause,1,0.0033,Corben,normal,normal,0,6,0.6402149287714403,-333,-37,64,12,1888,604,32,5,-32,-6,true
mind,1,0.0033,Pacifico,normal,normal,0,6,0.6402149287714403,-295,-63,32,12,1952,604,16,5,-16,-6,true
league,1,0.0033,impact,normal,normal,0,6,0.6402149287714403,277,101,32,12,1984,604,16,5,-16,-6,true
cheek,1,0.0033,impact,normal,normal,45,6,0.6402149287714403,-74,176,32,21,0,667,16,9,-16,-10,true
f***ing wheel,1,0.0033,Pacifico,normal,normal,90,6,0.6402149287714403,44,-201,32,41,32,667,16,19,-16,-20,true
heavy,1,0.0033,Pacifico,normal,normal,0,6,0.6402149287714403,199,8,32,12,64,667,16,5,-16,-6,true
angel,1,0.0033,impact,normal,normal,90,6,0.6402149287714403,-64,-94,32,17,96,667,16,7,-16,-8,true
devil,1,0.0033,Corben,normal,normal,0,6,0.6402149287714403,19,8,32,12,128,667,16,5,-16,-6,true
consideration,1,0.0033,impact,normal,normal,-45,6,0.6402149287714403,-265,-119,64,37,160,667,32,17,-32,-18,true
hatred,1,0.0033,Pacifico,normal,normal,90,6,0.6402149287714403,142,137,32,19,224,667,16,8,-16,-9,true
situation,1,0.0033,impact,normal,normal,0,6,0.6402149287714403,311,-111,32,12,256,667,16,5,-16,-6,true
discrimination,1,0.0033,Pacifico,normal,normal,-45,6,0.6402149287714403,-223,152,64,37,288,667,32,17,-32,-17,true
life,1,0.0033,Pacifico,normal,normal,90,6,0.6402149287714403,-110,-82,32,10,352,667,16,4,-16,-5,true
lemonade,1,0.0033,impact,normal,normal,45,6,0.6402149287714403,-46,-188,32,29,384,667,16,13,-16,-14,true
bake,1,0.0033,impact,normal,normal,-45,6,0.6402149287714403,36,136,32,19,416,667,16,8,-16,-9,true
cake,1,0.0033,Corben,normal,normal,45,6,0.6402149287714403,-309,32,32,20,448,667,16,9,-16,-8,true
vacation,1,0.0033,Pacifico,normal,normal,0,6,0.6402149287714403,-298,75,32,12,480,667,16,5,-16,-6,true
trip,1,0.0033,impact,normal,normal,90,6,0.6402149287714403,3,115,32,11,512,667,16,4,-16,-5,true
broad,1,0.0033,Pacifico,normal,normal,0,6,0.6402149287714403,356,-25,32,12,544,667,16,5,-16,-6,true
fall,1,0.0033,impact,normal,normal,45,6,0.6402149287714403,238,-25,32,15,576,667,16,6,-16,-7,true
retard,1,0.0033,impact,normal,normal,45,6,0.6402149287714403,-288,104,32,21,608,667,16,9,-16,-10,true
god,1,0.0033,Pacifico,normal,normal,90,6,0.6402149287714403,44,64,32,10,640,667,16,4,-16,-5,true
was going,1,0.0033,Pacifico,normal,normal,-45,6,0.6402149287714403,356,-2,32,28,672,667,16,13,-16,-13,true
hurt,1,0.0033,impact,normal,normal,90,6,0.6402149287714403,-26,-90,32,13,704,667,16,5,-16,-6,true
am only going,1,0.0033,impact,normal,normal,45,6,0.6402149287714403,175,-189,64,37,736,667,32,17,-32,-18,true
can feel,1,0.0033,Pacifico,normal,normal,-45,6,0.6402149287714403,-185,110,32,24,800,667,16,11,-16,-12,true
about to happen,1,0.0033,Corben,normal,normal,-45,6,0.6402149287714403,217,159,64,45,832,667,32,21,-32,-21,true
am not taking,1,0.0033,Pacifico,normal,normal,-45,6,0.6402149287714403,246,-168,64,37,896,667,32,17,-32,-18,true
were just,1,0.0033,Pacifico,normal,normal,45,6,0.6402149287714403,-112,-194,32,27,960,667,16,12,-16,-12,true
ordered,1,0.0033,impact,normal,normal,45,6,0.6402149287714403,72,-190,32,25,992,667,16,11,-16,-11,true
rap like,1,0.0033,Pacifico,normal,normal,0,6,0.6402149287714403,318,47,32,12,1024,667,16,5,-16,-6,true
so call,1,0.0033,impact,normal,normal,90,6,0.6402149287714403,46,108,32,19,1056,667,16,8,-16,-9,true
must be,1,0.0033,Corben,normal,normal,45,6,0.6402149287714403,-108,181,32,27,1088,667,16,12,-16,-12,true
will go off,1,0.0033,impact,normal,normal,90,6,0.6402149287714403,-14,197,32,28,1120,667,16,13,-16,-14,true
feeling,1,0.0033,impact,normal,normal,45,6,0.6402149287714403,-163,157,32,23,1152,667,16,10,-16,-11,true
do not really want,1,0.0033,Corben,normal,normal,0,6,0.6402149287714403,-13,-212,64,12,1184,667,32,5,-32,-6,true
packing,1,0.0033,impact,normal,normal,45,6,0.6402149287714403,264,-151,32,25,1248,667,16,11,-16,-12,true
pack,1,0.0033,Corben,normal,normal,45,6,0.6402149287714403,285,84,32,20,1280,667,16,9,-16,-8,true
yackidy,1,0.0033,Corben,normal,normal,90,6,0.6402149287714403,230,55,32,26,1312,667,16,12,-16,-13,true
attempt,1,0.0033,Pacifico,normal,normal,90,6,0.6402149287714403,278,116,32,23,1344,667,16,10,-16,-11,true
am practicing,1,0.0033,Pacifico,normal,normal,-45,6,0.6402149287714403,163,173,64,36,1376,667,32,17,-32,-16,true
will still be,1,0.0033,impact,normal,normal,45,6,0.6402149287714403,-135,180,32,31,1440,667,16,14,-16,-15,true
break,1,0.0033,Pacifico,normal,normal,45,6,0.6402149287714403,-232,-157,32,20,1472,667,16,9,-16,-10,true
crack,1,0.0033,Pacifico,normal,normal,45,6,0.6402149287714403,-60,120,32,19,1504,667,16,8,-16,-7,true
only realized,1,0.0033,Corben,normal,normal,45,6,0.6402149287714403,330,78,64,38,1536,667,32,18,-32,-17,true
could,1,0.0033,impact,normal,normal,45,6,0.6402149287714403,27,179,32,20,1600,667,16,9,-16,-9,true
not blow,1,0.0033,Pacifico,normal,normal,90,6,0.6402149287714403,-152,-181,32,26,1632,667,16,12,-16,-13,true
is drop,1,0.0033,Pacifico,normal,normal,0,6,0.6402149287714403,-334,-26,32,12,1664,667,16,5,-16,-6,true
bombs,1,0.0033,impact,normal,normal,45,6,0.6402149287714403,-176,-179,32,23,1696,667,16,10,-16,-11,true
feel,1,0.0033,impact,normal,normal,-45,6,0.6402149287714403,-323,-4,32,17,1728,667,16,7,-16,-8,true
attack,1,0.0033,Pacifico,normal,normal,-45,6,0.6402149287714403,353,22,32,21,1760,667,16,9,-16,-10,true
are having,1,0.0033,Corben,normal,normal,0,6,0.6402149287714403,-210,-164,64,12,1792,667,32,5,-32,-6,true
is actually disastrously,1,0.0033,Corben,normal,normal,90,6,0.6402149287714403,-306,-118,32,75,1856,667,16,36,-16,-37,true
am masterfully constructing,1,0.0033,Corben,normal,normal,0,6,0.6402149287714403,-351,45,96,12,1888,667,48,5,-48,-6,true
show,1,0.0033,Pacifico,normal,normal,-45,6,0.6402149287714403,-178,92,32,19,1984,667,16,8,-16,-9,true
maintaining,1,0.0033,Corben,normal,normal,-45,6,0.6402149287714403,211,-182,64,38,0,742,32,18,-32,-18,true
simply rage,1,0.0033,Pacifico,normal,normal,0,6,0.6402149287714403,132,178,64,12,64,742,32,5,-32,-6,true
loves,1,0.0033,impact,normal,normal,-45,6,0.6402149287714403,142,-197,32,20,128,742,16,9,-16,-10,true
root for,1,0.0033,Corben,normal,normal,0,6,0.6402149287714403,-127,-27,32,12,160,742,16,5,-16,-6,true
hit,1,0.0033,Pacifico,normal,normal,90,6,0.6402149287714403,76,-27,32,9,192,742,16,3,-16,-4,true
did,1,0.0033,Pacifico,normal,normal,0,6,0.6402149287714403,226,-72,32,12,224,742,16,5,-16,-6,true
shoot for,1,0.0033,Corben,normal,normal,-45,6,0.6402149287714403,-335,17,32,29,256,742,16,13,-16,-14,true
taken,1,0.0033,Pacifico,normal,normal,0,6,0.6402149287714403,-286,-100,32,12,288,742,16,5,-16,-6,true
lead,1,0.0033,impact,normal,normal,0,6,0.6402149287714403,182,80,32,12,320,742,16,5,-16,-6,true
thank,1,0.0033,Corben,normal,normal,-45,6,0.6402149287714403,262,139,32,23,352,742,16,10,-16,-10,true
inspired,1,0.0033,impact,normal,normal,45,6,0.6402149287714403,-178,173,32,26,384,742,16,12,-16,-13,true
grow up,1,0.0033,impact,normal,normal,90,6,0.6402149287714403,-50,195,32,23,416,742,16,10,-16,-11,true
blow up,1,0.0033,Pacifico,normal,normal,90,6,0.6402149287714403,-320,63,32,22,448,742,16,10,-16,-11,true
meet,1,0.0033,Corben,normal,normal,-45,6,0.6402149287714403,354,39,32,20,480,742,16,9,-16,-9,true
roll,1,0.0033,impact,normal,normal,90,6,0.6402149287714403,-207,-60,32,10,512,742,16,4,-16,-5,true
burst,1,0.0033,Pacifico,normal,normal,90,6,0.6402149287714403,-76,-106,32,16,544,742,16,7,-16,-8,true
be inducted,1,0.0033,Pacifico,normal,normal,0,6,0.6402149287714403,350,-66,32,12,576,742,16,5,-16,-6,true
fags think,1,0.0033,Corben,normal,normal,0,6,0.6402149287714403,-90,-211,64,12,608,742,32,5,-32,-6,true
planking,1,0.0033,Pacifico,normal,normal,45,6,0.6402149287714403,373,15,32,26,672,742,16,12,-16,-11,true
tell,1,0.0033,impact,normal,normal,0,6,0.6402149287714403,-86,151,32,12,704,742,16,5,-16,-6,true
thinking,1,0.0033,Pacifico,normal,normal,-45,6,0.6402149287714403,108,-194,32,25,736,742,16,11,-16,-12,true
can barely say,1,0.0033,impact,normal,normal,0,6,0.6402149287714403,96,187,64,12,768,742,32,5,-32,-6,true
witnessing,1,0.0033,Corben,normal,normal,-45,6,0.6402149287714403,34,-218,64,34,832,742,32,16,-32,-16,true
watching,1,0.0033,impact,normal,normal,0,6,0.6402149287714403,5,-197,32,12,896,742,16,5,-16,-6,true
gathering take,1,0.0033,Pacifico,normal,normal,45,6,0.6402149287714403,-303,103,64,38,928,742,32,18,-32,-17,true
work,1,0.0033,Corben,normal,normal,-45,6,0.6402149287714403,-322,-64,32,21,992,742,16,9,-16,-10,true
never ask,1,0.0033,impact,normal,normal,45,6,0.6402149287714403,381,-1,32,28,1024,742,16,13,-16,-14,true
are never going,1,0.0033,Corben,normal,normal,0,6,0.6402149287714403,-255,146,64,12,1056,742,32,5,-32,-6,true
keep up,1,0.0033,Corben,normal,normal,-45,6,0.6402149287714403,133,-203,32,26,1120,742,16,12,-16,-12,true
am racing,1,0.0033,Corben,normal,normal,0,6,0.6402149287714403,-282,-138,64,12,1152,742,32,5,-32,-6,true
call,1,0.0033,Corben,normal,normal,0,6,0.6402149287714403,-176,46,32,12,1216,742,16,5,-16,-6,true
kneel,1,0.0033,Corben,normal,normal,90,6,0.6402149287714403,-189,-16,32,19,1248,742,16,8,-16,-9,true
will be,1,0.0033,Pacifico,normal,normal,0,6,0.6402149287714403,-264,33,32,12,1280,742,16,5,-16,-6,true
am reloading immediately,1,0.0033,Pacifico,normal,normal,-45,6,0.6402149287714403,-360,77,64,60,1312,742,32,29,-32,-30,true
should not be,1,0.0033,impact,normal,normal,-45,6,0.6402149287714403,-331,-79,64,36,1376,742,32,17,-32,-18,true
am just,1,0.0033,impact,normal,normal,0,6,0.6402149287714403,179,181,32,12,1440,742,16,5,-16,-6,true
floating,1,0.0033,impact,normal,normal,45,6,0.6402149287714403,165,-182,32,25,1472,742,16,11,-16,-12,true
pay,1,0.0033,Pacifico,normal,normal,-45,6,0.6402149287714403,270,13,32,16,1504,742,16,7,-16,-7,true
honestly futile,1,0.0033,Corben,normal,normal,90,6,0.6402149287714403,-39,208,32,47,1536,742,16,22,-16,-23,true
do not utilize,1,0.0033,Corben,normal,normal,45,6,0.6402149287714403,346,-89,64,38,1568,742,32,18,-32,-17,true
make sure somewhere,1,0.0033,impact,normal,normal,45,6,0.6402149287714403,-362,-19,64,55,1632,742,32,26,-32,-27,true
scratch,1,0.0033,Corben,normal,normal,-45,6,0.6402149287714403,-333,27,32,26,1696,742,16,12,-16,-11,true
scribble,1,0.0033,Corben,normal,normal,-45,6,0.6402149287714403,-363,13,32,27,1728,742,16,12,-16,-13,true
try,1,0.0033,Pacifico,normal,normal,90,6,0.6402149287714403,33,-50,32,10,1760,742,16,4,-16,-5,true
help get,1,0.0033,Pacifico,normal,normal,0,6,0.6402149287714403,13,188,32,12,1792,742,16,5,-16,-6,true
gotta keep,1,0.0033,impact,normal,normal,45,6,0.6402149287714403,50,202,32,30,1824,742,16,14,-16,-14,true
punchlines just,1,0.0033,impact,normal,normal,90,6,0.6402149287714403,-340,89,32,45,1856,742,16,21,-16,-22,true
unsigned,1,0.0033,Corben,normal,normal,90,6,0.6402149287714403,373,-37,32,31,1888,742,16,14,-16,-15,true
crunch,1,0.0033,Corben,normal,normal,90,6,0.6402149287714403,280,-124,32,24,1920,742,16,11,-16,-12,true
combine,1,0.0033,impact,normal,normal,-45,6,0.6402149287714403,300,100,32,27,1952,742,16,12,-16,-13,true
appeal,1,0.0033,Corben,normal,normal,0,6,0.6402149287714403,66,-211,32,12,1984,742,16,5,-16,-6,true
get too,1,0.0033,impact,normal,normal,0,6,0.6402149287714403,-330,-16,32,12,0,802,16,5,-16,-6,true
come trying,1,0.0033,impact,normal,normal,-45,6,0.6402149287714403,311,109,64,33,32,802,32,15,-32,-16,true
line,1,0.0033,Pacifico,normal,normal,90,6,0.6402149287714403,0,-124,32,11,96,802,16,4,-16,-5,true
tried,1,0.0033,Corben,normal,normal,0,6,0.6402149287714403,-220,-106,32,12,128,802,16,5,-16,-6,true
see,1,0.0033,impact,normal,normal,90,6,0.6402149287714403,219,-44,32,11,160,802,16,4,-16,-5,true
get away,1,0.0033,Pacifico,normal,normal,45,6,0.6402149287714403,-317,103,32,27,192,802,16,12,-16,-11,true
are stuck,1,0.0033,Pacifico,normal,normal,90,6,0.6402149287714403,-189,184,32,27,224,802,16,12,-16,-13,true
rhyme,1,0.0033,Pacifico,normal,normal,45,6,0.6402149287714403,-107,199,32,21,256,802,16,9,-16,-9,true
are pointless,1,0.0033,Pacifico,normal,normal,0,6,0.6402149287714403,-350,-52,64,12,288,802,32,5,-32,-6,true
f***ing,1,0.0033,impact,normal,normal,45,6,0.6402149287714403,-64,-210,32,21,352,802,16,9,-16,-10,true
are like,1,0.0033,Corben,normal,normal,90,6,0.6402149287714403,-78,-153,32,25,384,802,16,11,-16,-12,true
being,1,0.0033,Pacifico,normal,normal,45,6,0.6402149287714403,366,25,32,19,416,802,16,8,-16,-9,true
just bought,1,0.0033,Corben,normal,normal,0,6,0.6402149287714403,-245,138,64,12,448,802,32,5,-32,-6,true
just come,1,0.0033,Corben,normal,normal,45,6,0.6402149287714403,278,-157,32,31,512,802,16,14,-16,-14,true
shoot,1,0.0033,Pacifico,normal,normal,-45,6,0.6402149287714403,-71,132,32,20,544,802,16,9,-16,-10,true
looked like,1,0.0033,Corben,normal,normal,45,6,0.6402149287714403,300,136,64,34,576,802,32,16,-32,-16,true
played,1,0.0033,impact,normal,normal,-45,6,0.6402149287714403,-363,27,32,22,640,802,16,10,-16,-11,true
went,1,0.0033,Corben,normal,normal,90,6,0.6402149287714403,-21,-46,32,17,672,802,16,7,-16,-8,true
kill,1,0.0033,impact,normal,normal,45,6,0.6402149287714403,272,89,32,15,704,802,16,6,-16,-7,true
coming,1,0.0033,Pacifico,normal,normal,-45,6,0.6402149287714403,233,157,32,22,736,802,16,10,-16,-10,true
a**uming,1,0.0033,Corben,normal,normal,45,6,0.6402149287714403,338,73,32,32,768,802,16,15,-16,-14,true
gotta do,1,0.0033,impact,normal,normal,0,6,0.6402149287714403,-149,-195,32,12,800,802,16,5,-16,-6,true
am superhuman,1,0.0033,Corben,normal,normal,90,6,0.6402149287714403,307,-151,32,54,832,802,16,26,-16,-27,true
am made,1,0.0033,impact,normal,normal,-45,6,0.6402149287714403,-369,3,32,27,864,802,16,12,-16,-13,true
saying ricocheting,1,0.0033,impact,normal,normal,0,6,0.6402149287714403,275,158,64,12,896,802,32,5,-32,-6,true
will glue,1,0.0033,Corben,normal,normal,0,6,0.6402149287714403,327,-126,32,12,960,802,16,5,-16,-6,true
am never stating,1,0.0033,Corben,normal,normal,0,6,0.6402149287714403,374,-53,64,12,992,802,32,5,-32,-6,true
never demonstrating,1,0.0033,Pacifico,normal,normal,90,6,0.6402149287714403,250,189,32,59,1056,802,16,28,-16,-29,true
give,1,0.0033,Pacifico,normal,normal,45,6,0.6402149287714403,126,158,32,17,1088,802,16,7,-16,-6,true
is levitating,1,0.0033,Pacifico,normal,normal,-45,6,0.6402149287714403,-386,-11,32,32,1120,802,16,15,-16,-15,true
never fading,1,0.0033,impact,normal,normal,0,6,0.6402149287714403,15,201,64,12,1152,802,32,5,-32,-6,true
are forever waiting,1,0.0033,Corben,normal,normal,0,6,0.6402149287714403,-347,-101,64,12,1216,802,32,5,-32,-6,true
they can say,1,0.0033,Pacifico,normal,normal,45,6,0.6402149287714403,-57,-219,64,33,1280,802,32,15,-32,-16,true
fell off,1,0.0033,Pacifico,normal,normal,90,6,0.6402149287714403,368,55,32,20,1344,802,16,9,-16,-10,true
would be celebrating,1,0.0033,Pacifico,normal,normal,0,6,0.6402149287714403,335,128,64,12,1376,802,32,5,-32,-6,true
motivated,1,0.0033,Corben,normal,normal,45,6,0.6402149287714403,278,136,32,32,1440,802,16,15,-16,-14,true
make elevating,1,0.0033,Pacifico,normal,normal,45,6,0.6402149287714403,184,-196,64,39,1472,802,32,18,-32,-17,true
too mainstream,1,0.0033,Pacifico,normal,normal,90,6,0.6402149287714403,-209,-200,32,45,1536,802,16,21,-16,-22,true
confuse,1,0.0033,impact,normal,normal,-45,6,0.6402149287714403,138,197,32,25,1568,802,16,11,-16,-12,true
not hip,1,0.0033,Corben,normal,normal,-45,6,0.6402149287714403,-275,133,32,25,1600,802,16,11,-16,-11,true
pop,1,0.0033,Pacifico,normal,normal,-45,6,0.6402149287714403,-207,65,32,16,1632,802,16,7,-16,-7,true
found,1,0.0033,impact,normal,normal,0,6,0.6402149287714403,-282,-131,32,12,1664,802,16,5,-16,-6,true
shock,1,0.0033,impact,normal,normal,45,6,0.6402149287714403,333,-87,32,21,1696,802,16,9,-16,-9,true
lose,1,0.0033,Pacifico,normal,normal,45,6,0.6402149287714403,307,13,32,17,1728,802,16,7,-16,-8,true
occurs,1,0.0033,Corben,normal,normal,45,6,0.6402149287714403,333,-114,32,24,1760,802,16,11,-16,-10,true
am ripping,1,0.0033,Pacifico,normal,normal,90,6,0.6402149287714403,-66,203,32,31,1792,802,16,14,-16,-15,true
curtains,1,0.0033,impact,normal,normal,90,6,0.6402149287714403,-197,163,32,25,1824,802,16,11,-16,-12,true
am inadvertently hurtin,1,0.0033,Pacifico,normal,normal,90,6,0.6402149287714403,-252,-184,32,69,1856,802,16,33,-16,-34,true
gotta murder,1,0.0033,Corben,normal,normal,90,6,0.6402149287714403,-221,183,32,43,1888,802,16,20,-16,-21,true
prove,1,0.0033,Corben,normal,normal,-45,6,0.6402149287714403,387,-22,32,22,1920,802,16,10,-16,-9,true
can sacrifice,1,0.0033,impact,normal,normal,-45,6,0.6402149287714403,344,107,64,35,1952,802,32,16,-32,-17,true
brung,1,0.0033,impact,normal,normal,0,6,0.6402149287714403,-247,100,32,12,0,871,16,5,-16,-6,true
bully,1,0.0033,impact,normal,normal,45,6,0.6402149287714403,-364,60,32,19,32,871,16,8,-16,-9,true
speak,1,0.0033,impact,normal,normal,-45,6,0.6402149287714403,60,-198,32,21,64,871,16,9,-16,-10,true
seat,1,0.0033,Corben,normal,normal,90,6,0.6402149287714403,-97,-44,32,14,96,871,16,6,-16,-7,true
bumping,1,0.0033,Pacifico,normal,normal,45,6,0.6402149287714403,118,-221,32,25,128,871,16,11,-16,-12,true
can feel tugging,1,0.0033,impact,normal,normal,90,6,0.6402149287714403,381,51,32,47,160,871,16,22,-16,-23,true
struggling,1,0.0033,impact,normal,normal,0,6,0.6402149287714403,-299,125,32,12,192,871,16,5,-16,-6,true
fight,1,0.0033,Pacifico,normal,normal,0,6,0.6402149287714403,-271,-150,32,12,224,871,16,5,-16,-6,true
asking,1,0.0033,Corben,normal,normal,-45,6,0.6402149287714403,363,44,32,25,256,871,16,11,-16,-11,true
eliminate,1,0.0033,Pacifico,normal,normal,-45,6,0.6402149287714403,-253,168,32,27,288,871,16,12,-16,-12,true
hate,1,0.0033,Corben,normal,normal,45,6,0.6402149287714403,-105,134,32,19,320,871,16,8,-16,-9,true
had,1,0.0033,Corben,normal,normal,0,6,0.6402149287714403,77,-67,32,12,352,871,16,5,-16,-6,true
may be,1,0.0033,Corben,normal,normal,0,6,0.6402149287714403,328,-138,32,12,384,871,16,5,-16,-6,true
understand,1,0.0033,impact,normal,normal,45,6,0.6402149287714403,-149,209,32,32,416,871,16,15,-16,-16,true
is handing,1,0.0033,impact,normal,normal,0,6,0.6402149287714403,-140,-207,32,12,448,871,16,5,-16,-6,true
lemons,1,0.0033,impact,normal,normal,90,6,0.6402149287714403,299,-88,32,22,480,871,16,10,-16,-11,true
can not batter,1,0.0033,impact,normal,normal,45,6,0.6402149287714403,-291,151,64,37,512,871,32,17,-32,-18,true
supposed,1,0.0033,Pacifico,normal,normal,0,6,0.6402149287714403,106,198,32,12,576,871,16,5,-16,-6,true
do not,1,0.0033,impact,normal,normal,90,6,0.6402149287714403,113,-157,32,18,608,871,16,8,-16,-9,true
need,1,0.0033,Pacifico,normal,normal,-45,6,0.6402149287714403,-26,195,32,17,640,871,16,7,-16,-8,true
do not be,1,0.0033,Pacifico,normal,normal,90,6,0.6402149287714403,-223,-184,32,27,672,871,16,12,-16,-13,true
think not,1,0.0033,impact,normal,normal,0,6,0.6402149287714403,398,-33,32,12,704,871,16,5,-16,-6,true
can be,1,0.0033,impact,normal,normal,-45,6,0.6402149287714403,236,176,32,22,736,871,16,10,-16,-11,true