county,status_code,date,fips,population,tier,tier_label,week,tier_change
Alameda,4,2020-08-29T04:00Z,001,1643700,1,Widespread,2020-35,
Alameda,4,2020-08-31T04:00Z,001,1643700,1,Widespread,2020-36,0
Alameda,4,2020-09-08T04:00Z,001,1643700,1,Widespread,2020-37,0
Alameda,4,2020-09-15T04:00Z,001,1643700,1,Widespread,2020-38,0
Alameda,3,2020-09-25T04:00Z,001,1643700,2,Substantial,2020-39,1
Alameda,3,2020-09-29T04:00Z,001,1643700,2,Substantial,2020-40,0
Alameda,3,2020-10-06T04:00Z,001,1643700,2,Substantial,2020-41,0
Alameda,2,2020-10-13T04:00Z,001,1643700,3,Moderate,2020-42,1
Alameda,2,2020-10-20T04:00Z,001,1643700,3,Moderate,2020-43,0
Alameda,2,2020-10-27T04:00Z,001,1643700,3,Moderate,2020-44,0
Alameda,2,2020-11-04T05:00Z,001,1643700,3,Moderate,2020-45,0
Alameda,2,2020-11-11T05:00Z,001,1643700,3,Moderate,2020-46,0
Alameda,4,2020-11-16T05:00Z,001,1643700,1,Widespread,2020-47,-2
Alameda,4,2020-11-28T05:00Z,001,1643700,1,Widespread,2020-48,0
Alameda,4,2020-12-01T05:00Z,001,1643700,1,Widespread,2020-49,0
Alameda,4,2020-12-08T05:00Z,001,1643700,1,Widespread,2020-50,0
Alpine,1,2020-08-29T04:00Z,003,1146,4,Minimal,2020-35,
Alpine,1,2020-08-31T04:00Z,003,1146,4,Minimal,2020-36,0
Alpine,1,2020-09-08T04:00Z,003,1146,4,Minimal,2020-37,0
Alpine,1,2020-09-15T04:00Z,003,1146,4,Minimal,2020-38,0
Alpine,1,2020-09-25T04:00Z,003,1146,4,Minimal,2020-39,0
Alpine,1,2020-09-29T04:00Z,003,1146,4,Minimal,2020-40,0
Alpine,1,2020-10-06T04:00Z,003,1146,4,Minimal,2020-41,0
Alpine,1,2020-10-13T04:00Z,003,1146,4,Minimal,2020-42,0
Alpine,1,2020-10-20T04:00Z,003,1146,4,Minimal,2020-43,0
Alpine,1,2020-10-27T04:00Z,003,1146,4,Minimal,2020-44,0
Alpine,1,2020-11-04T05:00Z,003,1146,4,Minimal,2020-45,0
Alpine,1,2020-11-11T05:00Z,003,1146,4,Minimal,2020-46,0
Alpine,1,2020-11-16T05:00Z,003,1146,4,Minimal,2020-47,0
Alpine,3,2020-11-28T05:00Z,003,1146,2,Substantial,2020-48,-2
Alpine,3,2020-12-01T05:00Z,003,1146,2,Substantial,2020-49,0
Alpine,3,2020-12-08T05:00Z,003,1146,2,Substantial,2020-50,0
Amador,4,2020-08-29T04:00Z,005,37829,1,Widespread,2020-35,
Amador,4,2020-08-31T04:00Z,005,37829,1,Widespread,2020-36,0
Amador,3,2020-09-08T04:00Z,005,37829,2,Substantial,2020-37,1
Amador,3,2020-09-15T04:00Z,005,37829,2,Substantial,2020-38,0
Amador,3,2020-09-25T04:00Z,005,37829,2,Substantial,2020-39,0
Amador,2,2020-09-29T04:00Z,005,37829,3,Moderate,2020-40,1
Amador,2,2020-10-06T04:00Z,005,37829,3,Moderate,2020-41,0
Amador,2,2020-10-13T04:00Z,005,37829,3,Moderate,2020-42,0
Amador,2,2020-10-20T04:00Z,005,37829,3,Moderate,2020-43,0
Amador,2,2020-10-27T04:00Z,005,37829,3,Moderate,2020-44,0
Amador,2,2020-11-04T05:00Z,005,37829,3,Moderate,2020-45,0
Amador,3,2020-11-11T05:00Z,005,37829,2,Substantial,2020-46,-1
Amador,3,2020-11-16T05:00Z,005,37829,2,Substantial,2020-47,0
Amador,3,2020-11-28T05:00Z,005,37829,2,Substantial,2020-48,0
Amador,3,2020-12-01T05:00Z,005,37829,2,Substantial,2020-49,0
Amador,4,2020-12-08T05:00Z,005,37829,1,Widespread,2020-50,-1
Butte,4,2020-08-29T04:00Z,007,227075,1,Widespread,2020-35,
Butte,4,2020-08-31T04:00Z,007,227075,1,Widespread,2020-36,0
Butte,4,2020-09-08T04:00Z,007,227075,1,Widespread,2020-37,0
Butte,4,2020-09-15T04:00Z,007,227075,1,Widespread,2020-38,0
Butte,4,2020-09-25T04:00Z,007,227075,1,Widespread,2020-39,0
Butte,3,2020-09-29T04:00Z,007,227075,2,Substantial,2020-40,1
Butte,3,2020-10-06T04:00Z,007,227075,2,Substantial,2020-41,0
Butte,3,2020-10-13T04:00Z,007,227075,2,Substantial,2020-42,0
Butte,2,2020-10-20T04:00Z,007,227075,3,Moderate,2020-43,1
Butte,2,2020-10-27T04:00Z,007,227075,3,Moderate,2020-44,0
Butte,2,2020-11-04T05:00Z,007,227075,3,Moderate,2020-45,0
Butte,2,2020-11-11T05:00Z,007,227075,3,Moderate,2020-46,0
Butte,4,2020-11-16T05:00Z,007,227075,1,Widespread,2020-47,-2
Butte,4,2020-11-28T05:00Z,007,227075,1,Widespread,2020-48,0
Butte,4,2020-12-01T05:00Z,007,227075,1,Widespread,2020-49,0
Butte,4,2020-12-08T05:00Z,007,227075,1,Widespread,2020-50,0
Calaveras,3,2020-08-29T04:00Z,009,45235,2,Substantial,2020-35,
Calaveras,3,2020-08-31T04:00Z,009,45235,2,Substantial,2020-36,0
Calaveras,3,2020-09-08T04:00Z,009,45235,2,Substantial,2020-37,0
Calaveras,3,2020-09-15T04:00Z,009,45235,2,Substantial,2020-38,0
Calaveras,3,2020-09-25T04:00Z,009,45235,2,Substantial,2020-39,0
Calaveras,2,2020-09-29T04:00Z,009,45235,3,Moderate,2020-40,1
Calaveras,2,2020-10-06T04:00Z,009,45235,3,Moderate,2020-41,0
Calaveras,2,2020-10-13T04:00Z,009,45235,3,Moderate,2020-42,0
Calaveras,2,2020-10-20T04:00Z,009,45235,3,Moderate,2020-43,0
Calaveras,1,2020-10-27T04:00Z,009,45235,4,Minimal,2020-44,1
Calaveras,1,2020-11-04T05:00Z,009,45235,4,Minimal,2020-45,0
Calaveras,1,2020-11-11T05:00Z,009,45235,4,Minimal,2020-46,0
Calaveras,2,2020-11-16T05:00Z,009,45235,3,Moderate,2020-47,-1
Calaveras,4,2020-11-28T05:00Z,009,45235,1,Widespread,2020-48,-2
Calaveras,4,2020-12-01T05:00Z,009,45235,1,Widespread,2020-49,0
Calaveras,4,2020-12-08T05:00Z,009,45235,1,Widespread,2020-50,0
Colusa,4,2020-08-29T04:00Z,011,21464,1,Widespread,2020-35,
Colusa,4,2020-08-31T04:00Z,011,21464,1,Widespread,2020-36,0
Colusa,4,2020-09-08T04:00Z,011,21464,1,Widespread,2020-37,0
Colusa,4,2020-09-15T04:00Z,011,21464,1,Widespread,2020-38,0
Colusa,4,2020-09-25T04:00Z,011,21464,1,Widespread,2020-39,0
Colusa,4,2020-09-29T04:00Z,011,21464,1,Widespread,2020-40,0
Colusa,4,2020-10-06T04:00Z,011,21464,1,Widespread,2020-41,0
Colusa,3,2020-10-13T04:00Z,011,21464,2,Substantial,2020-42,1
Colusa,3,2020-10-20T04:00Z,011,21464,2,Substantial,2020-43,0
Colusa,3,2020-10-27T04:00Z,011,21464,2,Substantial,2020-44,0
Colusa,2,2020-11-04T05:00Z,011,21464,3,Moderate,2020-45,1
Colusa,2,2020-11-11T05:00Z,011,21464,3,Moderate,2020-46,0
Colusa,3,2020-11-16T05:00Z,011,21464,2,Substantial,2020-47,-1
Colusa,4,2020-11-28T05:00Z,011,21464,1,Widespread,2020-48,-1
Colusa,4,2020-12-01T05:00Z,011,21464,1,Widespread,2020-49,0
Colusa,4,2020-12-08T05:00Z,011,21464,1,Widespread,2020-50,0
Contra Costa,4,2020-08-29T04:00Z,013,1133247,1,Widespread,2020-35,
Contra Costa,4,2020-08-31T04:00Z,013,1133247,1,Widespread,2020-36,0
Contra Costa,4,2020-09-08T04:00Z,013,1133247,1,Widespread,2020-37,0
Contra Costa,4,2020-09-15T04:00Z,013,1133247,1,Widespread,2020-38,0
Contra Costa,4,2020-09-25T04:00Z,013,1133247,1,Widespread,2020-39,0
Contra Costa,3,2020-09-29T04:00Z,013,1133247,2,Substantial,2020-40,1
Contra Costa,3,2020-10-06T04:00Z,013,1133247,2,Substantial,2020-41,0
Contra Costa,3,2020-10-13T04:00Z,013,1133247,2,Substantial,2020-42,0
Contra Costa,3,2020-10-20T04:00Z,013,1133247,2,Substantial,2020-43,0
Contra Costa,2,2020-10-27T04:00Z,013,1133247,3,Moderate,2020-44,1
Contra Costa,2,2020-11-04T05:00Z,013,1133247,3,Moderate,2020-45,0
Contra Costa,3,2020-11-11T05:00Z,013,1133247,2,Substantial,2020-46,-1
Contra Costa,4,2020-11-16T05:00Z,013,1133247,1,Widespread,2020-47,-1
Contra Costa,4,2020-11-28T05:00Z,013,1133247,1,Widespread,2020-48,0
Contra Costa,4,2020-12-01T05:00Z,013,1133247,1,Widespread,2020-49,0
Contra Costa,4,2020-12-08T05:00Z,013,1133247,1,Widespread,2020-50,0
Del Norte,2,2020-08-29T04:00Z,015,27424,3,Moderate,2020-35,
Del Norte,2,2020-08-31T04:00Z,015,27424,3,Moderate,2020-36,0
Del Norte,2,2020-09-08T04:00Z,015,27424,3,Moderate,2020-37,0
Del Norte,2,2020-09-15T04:00Z,015,27424,3,Moderate,2020-38,0
Del Norte,2,2020-09-25T04:00Z,015,27424,3,Moderate,2020-39,0
Del Norte,2,2020-09-29T04:00Z,015,27424,3,Moderate,2020-40,0
Del Norte,2,2020-10-06T04:00Z,015,27424,3,Moderate,2020-41,0
Del Norte,2,2020-10-13T04:00Z,015,27424,3,Moderate,2020-42,0
Del Norte,2,2020-10-20T04:00Z,015,27424,3,Moderate,2020-43,0
Del Norte,2,2020-10-27T04:00Z,015,27424,3,Moderate,2020-44,0
Del Norte,2,2020-11-04T05:00Z,015,27424,3,Moderate,2020-45,0
Del Norte,2,2020-11-11T05:00Z,015,27424,3,Moderate,2020-46,0
Del Norte,3,2020-11-16T05:00Z,015,27424,2,Substantial,2020-47,-1
Del Norte,4,2020-11-28T05:00Z,015,27424,1,Widespread,2020-48,-1
Del Norte,4,2020-12-01T05:00Z,015,27424,1,Widespread,2020-49,0
Del Norte,4,2020-12-08T05:00Z,015,27424,1,Widespread,2020-50,0
El Dorado,3,2020-08-29T04:00Z,017,186661,2,Substantial,2020-35,
El Dorado,3,2020-08-31T04:00Z,017,186661,2,Substantial,2020-36,0
El Dorado,3,2020-09-08T04:00Z,017,186661,2,Substantial,2020-37,0
El Dorado,3,2020-09-15T04:00Z,017,186661,2,Substantial,2020-38,0
El Dorado,2,2020-09-25T04:00Z,017,186661,3,Moderate,2020-39,1
El Dorado,2,2020-09-29T04:00Z,017,186661,3,Moderate,2020-40,0
El Dorado,2,2020-10-06T04:00Z,017,186661,3,Moderate,2020-41,0
El Dorado,2,2020-10-13T04:00Z,017,186661,3,Moderate,2020-42,0
El Dorado,2,2020-10-20T04:00Z,017,186661,3,Moderate,2020-43,0
El Dorado,2,2020-10-27T04:00Z,017,186661,3,Moderate,2020-44,0
El Dorado,2,2020-11-04T05:00Z,017,186661,3,Moderate,2020-45,0
El Dorado,2,2020-11-11T05:00Z,017,186661,3,Moderate,2020-46,0
El Dorado,4,2020-11-16T05:00Z,017,186661,1,Widespread,2020-47,-2
El Dorado,4,2020-11-28T05:00Z,017,186661,1,Widespread,2020-48,0
El Dorado,4,2020-12-01T05:00Z,017,186661,1,Widespread,2020-49,0
El Dorado,4,2020-12-08T05:00Z,017,186661,1,Widespread,2020-50,0
Fresno,4,2020-08-29T04:00Z,019,978130,1,Widespread,2020-35,
Fresno,4,2020-08-31T04:00Z,019,978130,1,Widespread,2020-36,0
Fresno,4,2020-09-08T04:00Z,019,978130,1,Widespread,2020-37,0
Fresno,4,2020-09-15T04:00Z,019,978130,1,Widespread,2020-38,0
Fresno,4,2020-09-25T04:00Z,019,978130,1,Widespread,2020-39,0
Fresno,3,2020-09-29T04:00Z,019,978130,2,Substantial,2020-40,1
Fresno,3,2020-10-06T04:00Z,019,978130,2,Substantial,2020-41,0
Fresno,3,2020-10-13T04:00Z,019,978130,2,Substantial,2020-42,0
Fresno,3,2020-10-20T04:00Z,019,978130,2,Substantial,2020-43,0
Fresno,3,2020-10-27T04:00Z,019,978130,2,Substantial,2020-44,0
Fresno,3,2020-11-04T05:00Z,019,978130,2,Substantial,2020-45,0
Fresno,3,2020-11-11T05:00Z,019,978130,2,Substantial,2020-46,0
Fresno,4,2020-11-16T05:00Z,019,978130,1,Widespread,2020-47,-1
Fresno,4,2020-11-28T05:00Z,019,978130,1,Widespread,2020-48,0
Fresno,4,2020-12-01T05:00Z,019,978130,1,Widespread,2020-49,0
Fresno,4,2020-12-08T05:00Z,019,978130,1,Widespread,2020-50,0
Glenn,4,2020-08-29T04:00Z,021,27897,1,Widespread,2020-35,
Glenn,4,2020-08-31T04:00Z,021,27897,1,Widespread,2020-36,0
Glenn,4,2020-09-08T04:00Z,021,27897,1,Widespread,2020-37,0
Glenn,4,2020-09-15T04:00Z,021,27897,1,Widespread,2020-38,0
Glenn,4,2020-09-25T04:00Z,021,27897,1,Widespread,2020-39,0
Glenn,4,2020-09-29T04:00Z,021,27897,1,Widespread,2020-40,0
Glenn,4,2020-10-06T04:00Z,021,27897,1,Widespread,2020-41,0
Glenn,4,2020-10-13T04:00Z,021,27897,1,Widespread,2020-42,0
Glenn,4,2020-10-20T04:00Z,021,27897,1,Widespread,2020-43,0
Glenn,3,2020-10-27T04:00Z,021,27897,2,Substantial,2020-44,1
Glenn,3,2020-11-04T05:00Z,021,27897,2,Substantial,2020-45,0
Glenn,3,2020-11-11T05:00Z,021,27897,2,Substantial,2020-46,0
Glenn,4,2020-11-16T05:00Z,021,27897,1,Widespread,2020-47,-1
Glenn,4,2020-11-28T05:00Z,021,27897,1,Widespread,2020-48,0
Glenn,4,2020-12-01T05:00Z,021,27897,1,Widespread,2020-49,0
Glenn,4,2020-12-08T05:00Z,021,27897,1,Widespread,2020-50,0
Humboldt,2,2020-08-29T04:00Z,023,135768,3,Moderate,2020-35,
Humboldt,2,2020-08-31T04:00Z,023,135768,3,Moderate,2020-36,0
Humboldt,2,2020-09-08T04:00Z,023,135768,3,Moderate,2020-37,0
Humboldt,2,2020-09-15T04:00Z,023,135768,3,Moderate,2020-38,0
Humboldt,2,2020-09-25T04:00Z,023,135768,3,Moderate,2020-39,0
Humboldt,2,2020-09-29T04:00Z,023,135768,3,Moderate,2020-40,0
Humboldt,1,2020-10-06T04:00Z,023,135768,4,Minimal,2020-41,1
Humboldt,1,2020-10-13T04:00Z,023,135768,4,Minimal,2020-42,0
Humboldt,1,2020-10-20T04:00Z,023,135768,4,Minimal,2020-43,0
Humboldt,1,2020-10-27T04:00Z,023,135768,4,Minimal,2020-44,0
Humboldt,1,2020-11-04T05:00Z,023,135768,4,Minimal,2020-45,0
Humboldt,1,2020-11-11T05:00Z,023,135768,4,Minimal,2020-46,0
Humboldt,3,2020-11-16T05:00Z,023,135768,2,Substantial,2020-47,-2
Humboldt,4,2020-11-28T05:00Z,023,135768,1,Widespread,2020-48,-1
Humboldt,4,2020-12-01T05:00Z,023,135768,1,Widespread,2020-49,0
Humboldt,4,2020-12-08T05:00Z,023,135768,1,Widespread,2020-50,0
Imperial,4,2020-08-29T04:00Z,025,180216,1,Widespread,2020-35,
Imperial,4,2020-08-31T04:00Z,025,180216,1,Widespread,2020-36,0
Imperial,4,2020-09-08T04:00Z,025,180216,1,Widespread,2020-37,0
Imperial,4,2020-09-15T04:00Z,025,180216,1,Widespread,2020-38,0
Imperial,4,2020-09-25T04:00Z,025,180216,1,Widespread,2020-39,0
Imperial,4,2020-09-29T04:00Z,025,180216,1,Widespread,2020-40,0
Imperial,4,2020-10-06T04:00Z,025,180216,1,Widespread,2020-41,0
Imperial,4,2020-10-13T04:00Z,025,180216,1,Widespread,2020-42,0
Imperial,4,2020-10-20T04:00Z,025,180216,1,Widespread,2020-43,0
Imperial,4,2020-10-27T04:00Z,025,180216,1,Widespread,2020-44,0
Imperial,4,2020-11-04T05:00Z,025,180216,1,Widespread,2020-45,0
Imperial,4,2020-11-11T05:00Z,025,180216,1,Widespread,2020-46,0
Imperial,4,2020-11-16T05:00Z,025,180216,1,Widespread,2020-47,0
Imperial,4,2020-11-28T05:00Z,025,180216,1,Widespread,2020-48,0
Imperial,4,2020-12-01T05:00Z,025,180216,1,Widespread,2020-49,0
Imperial,4,2020-12-08T05:00Z,025,180216,1,Widespread,2020-50,0
Inyo,4,2020-08-29T04:00Z,027,18085,1,Widespread,2020-35,
Inyo,4,2020-08-31T04:00Z,027,18085,1,Widespread,2020-36,0
Inyo,4,2020-09-08T04:00Z,027,18085,1,Widespread,2020-37,0
Inyo,3,2020-09-15T04:00Z,027,18085,2,Substantial,2020-38,1
Inyo,3,2020-09-25T04:00Z,027,18085,2,Substantial,2020-39,0
Inyo,3,2020-09-29T04:00Z,027,18085,2,Substantial,2020-40,0
Inyo,2,2020-10-06T04:00Z,027,18085,3,Moderate,2020-41,1
Inyo,2,2020-10-13T04:00Z,027,18085,3,Moderate,2020-42,0
Inyo,2,2020-10-20T04:00Z,027,18085,3,Moderate,2020-43,0
Inyo,2,2020-10-27T04:00Z,027,18085,3,Moderate,2020-44,0
Inyo,2,2020-11-04T05:00Z,027,18085,3,Moderate,2020-45,0
Inyo,2,2020-11-11T05:00Z,027,18085,3,Moderate,2020-46,0
Inyo,2,2020-11-16T05:00Z,027,18085,3,Moderate,2020-47,0
Inyo,3,2020-11-28T05:00Z,027,18085,2,Substantial,2020-48,-1
Inyo,3,2020-12-01T05:00Z,027,18085,2,Substantial,2020-49,0
Inyo,3,2020-12-08T05:00Z,027,18085,2,Substantial,2020-50,0
Kern,4,2020-08-29T04:00Z,029,883053,1,Widespread,2020-35,
Kern,4,2020-08-31T04:00Z,029,883053,1,Widespread,2020-36,0
Kern,4,2020-09-08T04:00Z,029,883053,1,Widespread,2020-37,0
Kern,4,2020-09-15T04:00Z,029,883053,1,Widespread,2020-38,0
Kern,4,2020-09-25T04:00Z,029,883053,1,Widespread,2020-39,0
Kern,4,2020-09-29T04:00Z,029,883053,1,Widespread,2020-40,0
Kern,4,2020-10-06T04:00Z,029,883053,1,Widespread,2020-41,0
Kern,3,2020-10-13T04:00Z,029,883053,2,Substantial,2020-42,1
Kern,3,2020-10-20T04:00Z,029,883053,2,Substantial,2020-43,0
Kern,3,2020-10-27T04:00Z,029,883053,2,Substantial,2020-44,0
Kern,3,2020-11-04T05:00Z,029,883053,2,Substantial,2020-45,0
Kern,3,2020-11-11T05:00Z,029,883053,2,Substantial,2020-46,0
Kern,4,2020-11-16T05:00Z,029,883053,1,Widespread,2020-47,-1
Kern,4,2020-11-28T05:00Z,029,883053,1,Widespread,2020-48,0
Kern,4,2020-12-01T05:00Z,029,883053,1,Widespread,2020-49,0
Kern,4,2020-12-08T05:00Z,029,883053,1,Widespread,2020-50,0
Kings,4,2020-08-29T04:00Z,031,150075,1,Widespread,2020-35,
Kings,4,2020-08-31T04:00Z,031,150075,1,Widespread,2020-36,0
Kings,4,2020-09-08T04:00Z,031,150075,1,Widespread,2020-37,0
Kings,4,2020-09-15T04:00Z,031,150075,1,Widespread,2020-38,0
Kings,4,2020-09-25T04:00Z,031,150075,1,Widespread,2020-39,0
Kings,4,2020-09-29T04:00Z,031,150075,1,Widespread,2020-40,0
Kings,4,2020-10-06T04:00Z,031,150075,1,Widespread,2020-41,0
Kings,3,2020-10-13T04:00Z,031,150075,2,Substantial,2020-42,1
Kings,3,2020-10-20T04:00Z,031,150075,2,Substantial,2020-43,0
Kings,3,2020-10-27T04:00Z,031,150075,2,Substantial,2020-44,0
Kings,3,2020-11-04T05:00Z,031,150075,2,Substantial,2020-45,0
Kings,3,2020-11-11T05:00Z,031,150075,2,Substantial,2020-46,0
Kings,4,2020-11-16T05:00Z,031,150075,1,Widespread,2020-47,-1
Kings,4,2020-11-28T05:00Z,031,150075,1,Widespread,2020-48,0
Kings,4,2020-12-01T05:00Z,031,150075,1,Widespread,2020-49,0
Kings,4,2020-12-08T05:00Z,031,150075,1,Widespread,2020-50,0
Lake,3,2020-08-29T04:00Z,033,64148,2,Substantial,2020-35,
Lake,3,2020-08-31T04:00Z,033,64148,2,Substantial,2020-36,0
Lake,3,2020-09-08T04:00Z,033,64148,2,Substantial,2020-37,0
Lake,3,2020-09-15T04:00Z,033,64148,2,Substantial,2020-38,0
Lake,3,2020-09-25T04:00Z,033,64148,2,Substantial,2020-39,0
Lake,3,2020-09-29T04:00Z,033,64148,2,Substantial,2020-40,0
Lake,3,2020-10-06T04:00Z,033,64148,2,Substantial,2020-41,0
Lake,3,2020-10-13T04:00Z,033,64148,2,Substantial,2020-42,0
Lake,3,2020-10-20T04:00Z,033,64148,2,Substantial,2020-43,0
Lake,3,2020-10-27T04:00Z,033,64148,2,Substantial,2020-44,0
Lake,3,2020-11-04T05:00Z,033,64148,2,Substantial,2020-45,0
Lake,3,2020-11-11T05:00Z,033,64148,2,Substantial,2020-46,0
Lake,3,2020-11-16T05:00Z,033,64148,2,Substantial,2020-47,0
Lake,4,2020-11-28T05:00Z,033,64148,1,Widespread,2020-48,-1
Lake,4,2020-12-01T05:00Z,033,64148,1,Widespread,2020-49,0
Lake,4,2020-12-08T05:00Z,033,64148,1,Widespread,2020-50,0
Lassen,3,2020-08-29T04:00Z,035,31185,2,Substantial,2020-35,
Lassen,3,2020-08-31T04:00Z,035,31185,2,Substantial,2020-36,0
Lassen,3,2020-09-08T04:00Z,035,31185,2,Substantial,2020-37,0
Lassen,3,2020-09-15T04:00Z,035,31185,2,Substantial,2020-38,0
Lassen,2,2020-09-25T04:00Z,035,31185,3,Moderate,2020-39,1
Lassen,2,2020-09-29T04:00Z,035,31185,3,Moderate,2020-40,0
Lassen,2,2020-10-06T04:00Z,035,31185,3,Moderate,2020-41,0
Lassen,2,2020-10-13T04:00Z,035,31185,3,Moderate,2020-42,0
Lassen,2,2020-10-20T04:00Z,035,31185,3,Moderate,2020-43,0
Lassen,2,2020-10-27T04:00Z,035,31185,3,Moderate,2020-44,0
Lassen,2,2020-11-04T05:00Z,035,31185,3,Moderate,2020-45,0
Lassen,2,2020-11-11T05:00Z,035,31185,3,Moderate,2020-46,0
Lassen,2,2020-11-16T05:00Z,035,31185,3,Moderate,2020-47,0
Lassen,4,2020-11-28T05:00Z,035,31185,1,Widespread,2020-48,-2
Lassen,4,2020-12-01T05:00Z,035,31185,1,Widespread,2020-49,0
Lassen,4,2020-12-08T05:00Z,035,31185,1,Widespread,2020-50,0
Los Angeles,4,2020-08-29T04:00Z,037,10098052,1,Widespread,2020-35,
Los Angeles,4,2020-08-31T04:00Z,037,10098052,1,Widespread,2020-36,0
Los Angeles,4,2020-09-08T04:00Z,037,10098052,1,Widespread,2020-37,0
Los Angeles,4,2020-09-15T04:00Z,037,10098052,1,Widespread,2020-38,0
Los Angeles,4,2020-09-25T04:00Z,037,10098052,1,Widespread,2020-39,0
Los Angeles,4,2020-09-29T04:00Z,037,10098052,1,Widespread,2020-40,0
Los Angeles,4,2020-10-06T04:00Z,037,10098052,1,Widespread,2020-41,0
Los Angeles,4,2020-10-13T04:00Z,037,10098052,1,Widespread,2020-42,0
Los Angeles,4,2020-10-20T04:00Z,037,10098052,1,Widespread,2020-43,0
Los Angeles,4,2020-10-27T04:00Z,037,10098052,1,Widespread,2020-44,0
Los Angeles,4,2020-11-04T05:00Z,037,10098052,1,Widespread,2020-45,0
Los Angeles,4,2020-11-11T05:00Z,037,10098052,1,Widespread,2020-46,0
Los Angeles,4,2020-11-16T05:00Z,037,10098052,1,Widespread,2020-47,0
Los Angeles,4,2020-11-28T05:00Z,037,10098052,1,Widespread,2020-48,0
Los Angeles,4,2020-12-01T05:00Z,037,10098052,1,Widespread,2020-49,0
Los Angeles,4,2020-12-08T05:00Z,037,10098052,1,Widespread,2020-50,0
Madera,4,2020-08-29T04:00Z,039,155013,1,Widespread,2020-35,
Madera,4,2020-08-31T04:00Z,039,155013,1,Widespread,2020-36,0
Madera,4,2020-09-08T04:00Z,039,155013,1,Widespread,2020-37,0
Madera,4,2020-09-15T04:00Z,039,155013,1,Widespread,2020-38,0
Madera,4,2020-09-25T04:00Z,039,155013,1,Widespread,2020-39,0
Madera,4,2020-09-29T04:00Z,039,155013,1,Widespread,2020-40,0
Madera,4,2020-10-06T04:00Z,039,155013,1,Widespread,2020-41,0
Madera,4,2020-10-13T04:00Z,039,155013,1,Widespread,2020-42,0
Madera,4,2020-10-20T04:00Z,039,155013,1,Widespread,2020-43,0
Madera,4,2020-10-27T04:00Z,039,155013,1,Widespread,2020-44,0
Madera,4,2020-11-04T05:00Z,039,155013,1,Widespread,2020-45,0
Madera,4,2020-11-11T05:00Z,039,155013,1,Widespread,2020-46,0
Madera,4,2020-11-16T05:00Z,039,155013,1,Widespread,2020-47,0
Madera,4,2020-11-28T05:00Z,039,155013,1,Widespread,2020-48,0
Madera,4,2020-12-01T05:00Z,039,155013,1,Widespread,2020-49,0
Madera,4,2020-12-08T05:00Z,039,155013,1,Widespread,2020-50,0
Marin,4,2020-08-29T04:00Z,041,260295,1,Widespread,2020-35,
Marin,4,2020-08-31T04:00Z,041,260295,1,Widespread,2020-36,0
Marin,4,2020-09-08T04:00Z,041,260295,1,Widespread,2020-37,0
Marin,3,2020-09-15T04:00Z,041,260295,2,Substantial,2020-38,1
Marin,3,2020-09-25T04:00Z,041,260295,2,Substantial,2020-39,0
Marin,3,2020-09-29T04:00Z,041,260295,2,Substantial,2020-40,0
Marin,3,2020-10-06T04:00Z,041,260295,2,Substantial,2020-41,0
Marin,3,2020-10-13T04:00Z,041,260295,2,Substantial,2020-42,0
Marin,3,2020-10-20T04:00Z,041,260295,2,Substantial,2020-43,0
Marin,2,2020-10-27T04:00Z,041,260295,3,Moderate,2020-44,1
Marin,2,2020-11-04T05:00Z,041,260295,3,Moderate,2020-45,0
Marin,2,2020-11-11T05:00Z,041,260295,3,Moderate,2020-46,0
Marin,3,2020-11-16T05:00Z,041,260295,2,Substantial,2020-47,-1
Marin,3,2020-11-28T05:00Z,041,260295,2,Substantial,2020-48,0
Marin,3,2020-12-01T05:00Z,041,260295,2,Substantial,2020-49,0
Marin,4,2020-12-08T05:00Z,041,260295,1,Widespread,2020-50,-1
Mariposa,2,2020-08-29T04:00Z,043,17540,3,Moderate,2020-35,
Mariposa,2,2020-08-31T04:00Z,043,17540,3,Moderate,2020-36,0
Mariposa,2,2020-09-08T04:00Z,043,17540,3,Moderate,2020-37,0
Mariposa,2,2020-09-15T04:00Z,043,17540,3,Moderate,2020-38,0
Mariposa,1,2020-09-25T04:00Z,043,17540,4,Minimal,2020-39,1
Mariposa,1,2020-09-29T04:00Z,043,17540,4,Minimal,2020-40,0
Mariposa,1,2020-10-06T04:00Z,043,17540,4,Minimal,2020-41,0
Mariposa,1,2020-10-13T04:00Z,043,17540,4,Minimal,2020-42,0
Mariposa,1,2020-10-20T04:00Z,043,17540,4,Minimal,2020-43,0
Mariposa,1,2020-10-27T04:00Z,043,17540,4,Minimal,2020-44,0
Mariposa,1,2020-11-04T05:00Z,043,17540,4,Minimal,2020-45,0
Mariposa,1,2020-11-11T05:00Z,043,17540,4,Minimal,2020-46,0
Mariposa,1,2020-11-16T05:00Z,043,17540,4,Minimal,2020-47,0
Mariposa,3,2020-11-28T05:00Z,043,17540,2,Substantial,2020-48,-2
Mariposa,3,2020-12-01T05:00Z,043,17540,2,Substantial,2020-49,0
Mariposa,3,2020-12-08T05:00Z,043,17540,2,Substantial,2020-50,0
Mendocino,4,2020-08-29T04:00Z,045,87422,1,Widespread,2020-35,
Mendocino,4,2020-08-31T04:00Z,045,87422,1,Widespread,2020-36,0
Mendocino,4,2020-09-08T04:00Z,045,87422,1,Widespread,2020-37,0
Mendocino,4,2020-09-15T04:00Z,045,87422,1,Widespread,2020-38,0
Mendocino,4,2020-09-25T04:00Z,045,87422,1,Widespread,2020-39,0
Mendocino,4,2020-09-29T04:00Z,045,87422,1,Widespread,2020-40,0
Mendocino,4,2020-10-06T04:00Z,045,87422,1,Widespread,2020-41,0
Mendocino,4,2020-10-13T04:00Z,045,87422,1,Widespread,2020-42,0
Mendocino,4,2020-10-20T04:00Z,045,87422,1,Widespread,2020-43,0
Mendocino,3,2020-10-27T04:00Z,045,87422,2,Substantial,2020-44,1
Mendocino,3,2020-11-04T05:00Z,045,87422,2,Substantial,2020-45,0
Mendocino,3,2020-11-11T05:00Z,045,87422,2,Substantial,2020-46,0
Mendocino,4,2020-11-16T05:00Z,045,87422,1,Widespread,2020-47,-1
Mendocino,4,2020-11-28T05:00Z,045,87422,1,Widespread,2020-48,0
Mendocino,4,2020-12-01T05:00Z,045,87422,1,Widespread,2020-49,0
Mendocino,4,2020-12-08T05:00Z,045,87422,1,Widespread,2020-50,0
Merced,4,2020-08-29T04:00Z,047,269075,1,Widespread,2020-35,
Merced,4,2020-08-31T04:00Z,047,269075,1,Widespread,2020-36,0
Merced,4,2020-09-08T04:00Z,047,269075,1,Widespread,2020-37,0
Merced,4,2020-09-15T04:00Z,047,269075,1,Widespread,2020-38,0
Merced,4,2020-09-25T04:00Z,047,269075,1,Widespread,2020-39,0
Merced,4,2020-09-29T04:00Z,047,269075,1,Widespread,2020-40,0
Merced,3,2020-10-06T04:00Z,047,269075,2,Substantial,2020-41,1
Merced,3,2020-10-13T04:00Z,047,269075,2,Substantial,2020-42,0
Merced,3,2020-10-20T04:00Z,047,269075,2,Substantial,2020-43,0
Merced,3,2020-10-27T04:00Z,047,269075,2,Substantial,2020-44,0
Merced,3,2020-11-04T05:00Z,047,269075,2,Substantial,2020-45,0
Merced,3,2020-11-11T05:00Z,047,269075,2,Substantial,2020-46,0
Merced,4,2020-11-16T05:00Z,047,269075,1,Widespread,2020-47,-1
Merced,4,2020-11-28T05:00Z,047,269075,1,Widespread,2020-48,0
Merced,4,2020-12-01T05:00Z,047,269075,1,Widespread,2020-49,0
Merced,4,2020-12-08T05:00Z,047,269075,1,Widespread,2020-50,0
Modoc,1,2020-08-29T04:00Z,049,8938,4,Minimal,2020-35,
Modoc,1,2020-08-31T04:00Z,049,8938,4,Minimal,2020-36,0
Modoc,1,2020-09-08T04:00Z,049,8938,4,Minimal,2020-37,0
Modoc,1,2020-09-15T04:00Z,049,8938,4,Minimal,2020-38,0
Modoc,1,2020-09-25T04:00Z,049,8938,4,Minimal,2020-39,0
Modoc,1,2020-09-29T04:00Z,049,8938,4,Minimal,2020-40,0
Modoc,1,2020-10-06T04:00Z,049,8938,4,Minimal,2020-41,0
Modoc,1,2020-10-13T04:00Z,049,8938,4,Minimal,2020-42,0
Modoc,1,2020-10-20T04:00Z,049,8938,4,Minimal,2020-43,0
Modoc,1,2020-10-27T04:00Z,049,8938,4,Minimal,2020-44,0
Modoc,1,2020-11-04T05:00Z,049,8938,4,Minimal,2020-45,0
Modoc,2,2020-11-11T05:00Z,049,8938,3,Moderate,2020-46,-1
Modoc,3,2020-11-16T05:00Z,049,8938,2,Substantial,2020-47,-1
Modoc,4,2020-11-28T05:00Z,049,8938,1,Widespread,2020-48,-1
Modoc,4,2020-12-01T05:00Z,049,8938,1,Widespread,2020-49,0
Modoc,4,2020-12-08T05:00Z,049,8938,1,Widespread,2020-50,0
Mono,2,2020-08-29T04:00Z,051,14174,3,Moderate,2020-35,
Mono,2,2020-08-31T04:00Z,051,14174,3,Moderate,2020-36,0
Mono,2,2020-09-08T04:00Z,051,14174,3,Moderate,2020-37,0
Mono,2,2020-09-15T04:00Z,051,14174,3,Moderate,2020-38,0
Mono,2,2020-09-25T04:00Z,051,14174,3,Moderate,2020-39,0
Mono,2,2020-09-29T04:00Z,051,14174,3,Moderate,2020-40,0
Mono,2,2020-10-06T04:00Z,051,14174,3,Moderate,2020-41,0
Mono,2,2020-10-13T04:00Z,051,14174,3,Moderate,2020-42,0
Mono,2,2020-10-20T04:00Z,051,14174,3,Moderate,2020-43,0
Mono,2,2020-10-27T04:00Z,051,14174,3,Moderate,2020-44,0
Mono,2,2020-11-04T05:00Z,051,14174,3,Moderate,2020-45,0
Mono,2,2020-11-11T05:00Z,051,14174,3,Moderate,2020-46,0
Mono,3,2020-11-16T05:00Z,051,14174,2,Substantial,2020-47,-1
Mono,3,2020-11-28T05:00Z,051,14174,2,Substantial,2020-48,0
Mono,4,2020-12-01T05:00Z,051,14174,1,Widespread,2020-49,-1
Mono,4,2020-12-08T05:00Z,051,14174,1,Widespread,2020-50,0
Monterey,4,2020-08-29T04:00Z,053,433212,1,Widespread,2020-35,
Monterey,4,2020-08-31T04:00Z,053,433212,1,Widespread,2020-36,0
Monterey,4,2020-09-08T04:00Z,053,433212,1,Widespread,2020-37,0
Monterey,4,2020-09-15T04:00Z,053,433212,1,Widespread,2020-38,0
Monterey,4,2020-09-25T04:00Z,053,433212,1,Widespread,2020-39,0
Monterey,4,2020-09-29T04:00Z,053,433212,1,Widespread,2020-40,0
Monterey,4,2020-10-06T04:00Z,053,433212,1,Widespread,2020-41,0
Monterey,4,2020-10-13T04:00Z,053,433212,1,Widespread,2020-42,0
Monterey,4,2020-10-20T04:00Z,053,433212,1,Widespread,2020-43,0
Monterey,4,2020-10-27T04:00Z,053,433212,1,Widespread,2020-44,0
Monterey,4,2020-11-04T05:00Z,053,433212,1,Widespread,2020-45,0
Monterey,4,2020-11-11T05:00Z,053,433212,1,Widespread,2020-46,0
Monterey,4,2020-11-16T05:00Z,053,433212,1,Widespread,2020-47,0
Monterey,4,2020-11-28T05:00Z,053,433212,1,Widespread,2020-48,0
Monterey,4,2020-12-01T05:00Z,053,433212,1,Widespread,2020-49,0
Monterey,4,2020-12-08T05:00Z,053,433212,1,Widespread,2020-50,0
Napa,3,2020-08-29T04:00Z,055,140530,2,Substantial,2020-35,
Napa,3,2020-08-31T04:00Z,055,140530,2,Substantial,2020-36,0
Napa,3,2020-09-08T04:00Z,055,140530,2,Substantial,2020-37,0
Napa,3,2020-09-15T04:00Z,055,140530,2,Substantial,2020-38,0
Napa,3,2020-09-25T04:00Z,055,140530,2,Substantial,2020-39,0
Napa,3,2020-09-29T04:00Z,055,140530,2,Substantial,2020-40,0
Napa,3,2020-10-06T04:00Z,055,140530,2,Substantial,2020-41,0
Napa,3,2020-10-13T04:00Z,055,140530,2,Substantial,2020-42,0
Napa,2,2020-10-20T04:00Z,055,140530,3,Moderate,2020-43,1
Napa,2,2020-10-27T04:00Z,055,140530,3,Moderate,2020-44,0
Napa,2,2020-11-04T05:00Z,055,140530,3,Moderate,2020-45,0
Napa,2,2020-11-11T05:00Z,055,140530,3,Moderate,2020-46,0
Napa,4,2020-11-16T05:00Z,055,140530,1,Widespread,2020-47,-2
Napa,4,2020-11-28T05:00Z,055,140530,1,Widespread,2020-48,0
Napa,4,2020-12-01T05:00Z,055,140530,1,Widespread,2020-49,0
Napa,4,2020-12-08T05:00Z,055,140530,1,Widespread,2020-50,0
Nevada,3,2020-08-29T04:00Z,057,99092,2,Substantial,2020-35,
Nevada,3,2020-08-31T04:00Z,057,99092,2,Substantial,2020-36,0
Nevada,3,2020-09-08T04:00Z,057,99092,2,Substantial,2020-37,0
Nevada,3,2020-09-15T04:00Z,057,99092,2,Substantial,2020-38,0
Nevada,2,2020-09-25T04:00Z,057,99092,3,Moderate,2020-39,1
Nevada,2,2020-09-29T04:00Z,057,99092,3,Moderate,2020-40,0
Nevada,2,2020-10-06T04:00Z,057,99092,3,Moderate,2020-41,0
Nevada,2,2020-10-13T04:00Z,057,99092,3,Moderate,2020-42,0
Nevada,2,2020-10-20T04:00Z,057,99092,3,Moderate,2020-43,0
Nevada,2,2020-10-27T04:00Z,057,99092,3,Moderate,2020-44,0
Nevada,2,2020-11-04T05:00Z,057,99092,3,Moderate,2020-45,0
Nevada,2,2020-11-11T05:00Z,057,99092,3,Moderate,2020-46,0
Nevada,4,2020-11-16T05:00Z,057,99092,1,Widespread,2020-47,-2
Nevada,4,2020-11-28T05:00Z,057,99092,1,Widespread,2020-48,0
Nevada,4,2020-12-01T05:00Z,057,99092,1,Widespread,2020-49,0
Nevada,4,2020-12-08T05:00Z,057,99092,1,Widespread,2020-50,0
Orange,4,2020-08-29T04:00Z,059,3164182,1,Widespread,2020-35,
Orange,4,2020-08-31T04:00Z,059,3164182,1,Widespread,2020-36,0
Orange,3,2020-09-08T04:00Z,059,3164182,2,Substantial,2020-37,1
Orange,3,2020-09-15T04:00Z,059,3164182,2,Substantial,2020-38,0
Orange,3,2020-09-25T04:00Z,059,3164182,2,Substantial,2020-39,0
Orange,3,2020-09-29T04:00Z,059,3164182,2,Substantial,2020-40,0
Orange,3,2020-10-06T04:00Z,059,3164182,2,Substantial,2020-41,0
Orange,3,2020-10-13T04:00Z,059,3164182,2,Substantial,2020-42,0
Orange,3,2020-10-20T04:00Z,059,3164182,2,Substantial,2020-43,0
Orange,3,2020-10-27T04:00Z,059,3164182,2,Substantial,2020-44,0
Orange,3,2020-11-04T05:00Z,059,3164182,2,Substantial,2020-45,0
Orange,3,2020-11-11T05:00Z,059,3164182,2,Substantial,2020-46,0
Orange,4,2020-11-16T05:00Z,059,3164182,1,Widespread,2020-47,-1
Orange,4,2020-11-28T05:00Z,059,3164182,1,Widespread,2020-48,0
Orange,4,2020-12-01T05:00Z,059,3164182,1,Widespread,2020-49,0
Orange,4,2020-12-08T05:00Z,059,3164182,1,Widespread,2020-50,0
Placer,4,2020-08-29T04:00Z,061,380077,1,Widespread,2020-35,
Placer,4,2020-08-31T04:00Z,061,380077,1,Widespread,2020-36,0
Placer,3,2020-09-08T04:00Z,061,380077,2,Substantial,2020-37,1
Placer,3,2020-09-15T04:00Z,061,380077,2,Substantial,2020-38,0
Placer,3,2020-09-25T04:00Z,061,380077,2,Substantial,2020-39,0
Placer,3,2020-09-29T04:00Z,061,380077,2,Substantial,2020-40,0
Placer,3,2020-10-06T04:00Z,061,380077,2,Substantial,2020-41,0
Placer,2,2020-10-13T04:00Z,061,380077,3,Moderate,2020-42,1
Placer,2,2020-10-20T04:00Z,061,380077,3,Moderate,2020-43,0
Placer,2,2020-10-27T04:00Z,061,380077,3,Moderate,2020-44,0
Placer,2,2020-11-04T05:00Z,061,380077,3,Moderate,2020-45,0
Placer,3,2020-11-11T05:00Z,061,380077,2,Substantial,2020-46,-1
Placer,4,2020-11-16T05:00Z,061,380077,1,Widespread,2020-47,-1
Placer,4,2020-11-28T05:00Z,061,380077,1,Widespread,2020-48,0
Placer,4,2020-12-01T05:00Z,061,380077,1,Widespread,2020-49,0
Placer,4,2020-12-08T05:00Z,061,380077,1,Widespread,2020-50,0
Plumas,2,2020-08-29T04:00Z,063,18699,3,Moderate,2020-35,
Plumas,2,2020-08-31T04:00Z,063,18699,3,Moderate,2020-36,0
Plumas,2,2020-09-08T04:00Z,063,18699,3,Moderate,2020-37,0
Plumas,2,2020-09-15T04:00Z,063,18699,3,Moderate,2020-38,0
Plumas,2,2020-09-25T04:00Z,063,18699,3,Moderate,2020-39,0
Plumas,2,2020-09-29T04:00Z,063,18699,3,Moderate,2020-40,0
Plumas,1,2020-10-06T04:00Z,063,18699,4,Minimal,2020-41,1
Plumas,1,2020-10-13T04:00Z,063,18699,4,Minimal,2020-42,0
Plumas,1,2020-10-20T04:00Z,063,18699,4,Minimal,2020-43,0
Plumas,1,2020-10-27T04:00Z,063,18699,4,Minimal,2020-44,0
Plumas,2,2020-11-04T05:00Z,063,18699,3,Moderate,2020-45,-1
Plumas,2,2020-11-11T05:00Z,063,18699,3,Moderate,2020-46,0
Plumas,3,2020-11-16T05:00Z,063,18699,2,Substantial,2020-47,-1
Plumas,4,2020-11-28T05:00Z,063,18699,1,Widespread,2020-48,-1
Plumas,4,2020-12-01T05:00Z,063,18699,1,Widespread,2020-49,0
Plumas,4,2020-12-08T05:00Z,063,18699,1,Widespread,2020-50,0
Riverside,4,2020-08-29T04:00Z,065,2383286,1,Widespread,2020-35,
Riverside,4,2020-08-31T04:00Z,065,2383286,1,Widespread,2020-36,0
Riverside,4,2020-09-08T04:00Z,065,2383286,1,Widespread,2020-37,0
Riverside,4,2020-09-15T04:00Z,065,2383286,1,Widespread,2020-38,0
Riverside,3,2020-09-25T04:00Z,065,2383286,2,Substantial,2020-39,1
Riverside,3,2020-09-29T04:00Z,065,2383286,2,Substantial,2020-40,0
Riverside,3,2020-10-06T04:00Z,065,2383286,2,Substantial,2020-41,0
Riverside,3,2020-10-13T04:00Z,065,2383286,2,Substantial,2020-42,0
Riverside,4,2020-10-20T04:00Z,065,2383286,1,Widespread,2020-43,-1
Riverside,4,2020-10-27T04:00Z,065,2383286,1,Widespread,2020-44,0
Riverside,4,2020-11-04T05:00Z,065,2383286,1,Widespread,2020-45,0
Riverside,4,2020-11-11T05:00Z,065,2383286,1,Widespread,2020-46,0
Riverside,4,2020-11-16T05:00Z,065,2383286,1,Widespread,2020-47,0
Riverside,4,2020-11-28T05:00Z,065,2383286,1,Widespread,2020-48,0
Riverside,4,2020-12-01T05:00Z,065,2383286,1,Widespread,2020-49,0
Riverside,4,2020-12-08T05:00Z,065,2383286,1,Widespread,2020-50,0
Sacramento,4,2020-08-29T04:00Z,067,1510023,1,Widespread,2020-35,
Sacramento,4,2020-08-31T04:00Z,067,1510023,1,Widespread,2020-36,0
Sacramento,4,2020-09-08T04:00Z,067,1510023,1,Widespread,2020-37,0
Sacramento,4,2020-09-15T04:00Z,067,1510023,1,Widespread,2020-38,0
Sacramento,4,2020-09-25T04:00Z,067,1510023,1,Widespread,2020-39,0
Sacramento,3,2020-09-29T04:00Z,067,1510023,2,Substantial,2020-40,1
Sacramento,3,2020-10-06T04:00Z,067,1510023,2,Substantial,2020-41,0
Sacramento,3,2020-10-13T04:00Z,067,1510023,2,Substantial,2020-42,0
Sacramento,3,2020-10-20T04:00Z,067,1510023,2,Substantial,2020-43,0
Sacramento,3,2020-10-27T04:00Z,067,1510023,2,Substantial,2020-44,0
Sacramento,3,2020-11-04T05:00Z,067,1510023,2,Substantial,2020-45,0
Sacramento,4,2020-11-11T05:00Z,067,1510023,1,Widespread,2020-46,-1
Sacramento,4,2020-11-16T05:00Z,067,1510023,1,Widespread,2020-47,0
Sacramento,4,2020-11-28T05:00Z,067,1510023,1,Widespread,2020-48,0
Sacramento,4,2020-12-01T05:00Z,067,1510023,1,Widespread,2020-49,0
Sacramento,4,2020-12-08T05:00Z,067,1510023,1,Widespread,2020-50,0
San Benito,4,2020-08-29T04:00Z,069,59416,1,Widespread,2020-35,
San Benito,4,2020-08-31T04:00Z,069,59416,1,Widespread,2020-36,0
San Benito,4,2020-09-08T04:00Z,069,59416,1,Widespread,2020-37,0
San Benito,4,2020-09-15T04:00Z,069,59416,1,Widespread,2020-38,0
San Benito,4,2020-09-25T04:00Z,069,59416,1,Widespread,2020-39,0
San Benito,4,2020-09-29T04:00Z,069,59416,1,Widespread,2020-40,0
San Benito,4,2020-10-06T04:00Z,069,59416,1,Widespread,2020-41,0
San Benito,3,2020-10-13T04:00Z,069,59416,2,Substantial,2020-42,1
San Benito,3,2020-10-20T04:00Z,069,59416,2,Substantial,2020-43,0
San Benito,3,2020-10-27T04:00Z,069,59416,2,Substantial,2020-44,0
San Benito,3,2020-11-04T05:00Z,069,59416,2,Substantial,2020-45,0
San Benito,3,2020-11-11T05:00Z,069,59416,2,Substantial,2020-46,0
San Benito,4,2020-11-16T05:00Z,069,59416,1,Widespread,2020-47,-1
San Benito,4,2020-11-28T05:00Z,069,59416,1,Widespread,2020-48,0
San Benito,4,2020-12-01T05:00Z,069,59416,1,Widespread,2020-49,0
San Benito,4,2020-12-08T05:00Z,069,59416,1,Widespread,2020-50,0
San Bernardino,4,2020-08-29T04:00Z,071,2135413,1,Widespread,2020-35,
San Bernardino,4,2020-08-31T04:00Z,071,2135413,1,Widespread,2020-36,0
San Bernardino,4,2020-09-08T04:00Z,071,2135413,1,Widespread,2020-37,0
San Bernardino,4,2020-09-15T04:00Z,071,2135413,1,Widespread,2020-38,0
San Bernardino,4,2020-09-25T04:00Z,071,2135413,1,Widespread,2020-39,0
San Bernardino,4,2020-09-29T04:00Z,071,2135413,1,Widespread,2020-40,0
San Bernardino,4,2020-10-06T04:00Z,071,2135413,1,Widespread,2020-41,0
San Bernardino,4,2020-10-13T04:00Z,071,2135413,1,Widespread,2020-42,0
San Bernardino,4,2020-10-20T04:00Z,071,2135413,1,Widespread,2020-43,0
San Bernardino,4,2020-10-27T04:00Z,071,2135413,1,Widespread,2020-44,0
San Bernardino,4,2020-11-04T05:00Z,071,2135413,1,Widespread,2020-45,0
San Bernardino,4,2020-11-11T05:00Z,071,2135413,1,Widespread,2020-46,0
San Bernardino,4,2020-11-16T05:00Z,071,2135413,1,Widespread,2020-47,0
San Bernardino,4,2020-11-28T05:00Z,071,2135413,1,Widespread,2020-48,0
San Bernardino,4,2020-12-01T05:00Z,071,2135413,1,Widespread,2020-49,0
San Bernardino,4,2020-12-08T05:00Z,071,2135413,1,Widespread,2020-50,0
San Diego,3,2020-08-29T04:00Z,073,3302833,2,Substantial,2020-35,
San Diego,3,2020-08-31T04:00Z,073,3302833,2,Substantial,2020-36,0
San Diego,3,2020-09-08T04:00Z,073,3302833,2,Substantial,2020-37,0
San Diego,3,2020-09-15T04:00Z,073,3302833,2,Substantial,2020-38,0
San Diego,3,2020-09-25T04:00Z,073,3302833,2,Substantial,2020-39,0
San Diego,3,2020-09-29T04:00Z,073,3302833,2,Substantial,2020-40,0
San Diego,3,2020-10-06T04:00Z,073,3302833,2,Substantial,2020-41,0
San Diego,3,2020-10-13T04:00Z,073,3302833,2,Substantial,2020-42,0
San Diego,3,2020-10-20T04:00Z,073,3302833,2,Substantial,2020-43,0
San Diego,3,2020-10-27T04:00Z,073,3302833,2,Substantial,2020-44,0
San Diego,3,2020-11-04T05:00Z,073,3302833,2,Substantial,2020-45,0
San Diego,4,2020-11-11T05:00Z,073,3302833,1,Widespread,2020-46,-1
San Diego,4,2020-11-16T05:00Z,073,3302833,1,Widespread,2020-47,0
San Diego,4,2020-11-28T05:00Z,073,3302833,1,Widespread,2020-48,0
San Diego,4,2020-12-01T05:00Z,073,3302833,1,Widespread,2020-49,0
San Diego,4,2020-12-08T05:00Z,073,3302833,1,Widespread,2020-50,0
San Francisco,3,2020-08-29T04:00Z,075,870044,2,Substantial,2020-35,
San Francisco,3,2020-08-31T04:00Z,075,870044,2,Substantial,2020-36,0
San Francisco,3,2020-09-08T04:00Z,075,870044,2,Substantial,2020-37,0
San Francisco,3,2020-09-15T04:00Z,075,870044,2,Substantial,2020-38,0
San Francisco,3,2020-09-25T04:00Z,075,870044,2,Substantial,2020-39,0
San Francisco,2,2020-09-29T04:00Z,075,870044,3,Moderate,2020-40,1
San Francisco,2,2020-10-06T04:00Z,075,870044,3,Moderate,2020-41,0
San Francisco,2,2020-10-13T04:00Z,075,870044,3,Moderate,2020-42,0
San Francisco,1,2020-10-20T04:00Z,075,870044,4,Minimal,2020-43,1
San Francisco,1,2020-10-27T04:00Z,075,870044,4,Minimal,2020-44,0
San Francisco,1,2020-11-04T05:00Z,075,870044,4,Minimal,2020-45,0
San Francisco,1,2020-11-11T05:00Z,075,870044,4,Minimal,2020-46,0
San Francisco,3,2020-11-16T05:00Z,075,870044,2,Substantial,2020-47,-2
San Francisco,4,2020-11-28T05:00Z,075,870044,1,Widespread,2020-48,-1
San Francisco,4,2020-12-01T05:00Z,075,870044,1,Widespread,2020-49,0
San Francisco,4,2020-12-08T05:00Z,075,870044,1,Widespread,2020-50,0
San Joaquin,4,2020-08-29T04:00Z,077,732212,1,Widespread,2020-35,
San Joaquin,4,2020-08-31T04:00Z,077,732212,1,Widespread,2020-36,0
San Joaquin,4,2020-09-08T04:00Z,077,732212,1,Widespread,2020-37,0
San Joaquin,4,2020-09-15T04:00Z,077,732212,1,Widespread,2020-38,0
San Joaquin,4,2020-09-25T04:00Z,077,732212,1,Widespread,2020-39,0
San Joaquin,3,2020-09-29T04:00Z,077,732212,2,Substantial,2020-40,1
San Joaquin,3,2020-10-06T04:00Z,077,732212,2,Substantial,2020-41,0
San Joaquin,3,2020-10-13T04:00Z,077,732212,2,Substantial,2020-42,0
San Joaquin,3,2020-10-20T04:00Z,077,732212,2,Substantial,2020-43,0
San Joaquin,3,2020-10-27T04:00Z,077,732212,2,Substantial,2020-44,0
San Joaquin,3,2020-11-04T05:00Z,077,732212,2,Substantial,2020-45,0
San Joaquin,3,2020-11-11T05:00Z,077,732212,2,Substantial,2020-46,0
San Joaquin,4,2020-11-16T05:00Z,077,732212,1,Widespread,2020-47,-1
San Joaquin,4,2020-11-28T05:00Z,077,732212,1,Widespread,2020-48,0
San Joaquin,4,2020-12-01T05:00Z,077,732212,1,Widespread,2020-49,0
San Joaquin,4,2020-12-08T05:00Z,077,732212,1,Widespread,2020-50,0
San Luis Obispo,4,2020-08-29T04:00Z,079,281455,1,Widespread,2020-35,
San Luis Obispo,4,2020-08-31T04:00Z,079,281455,1,Widespread,2020-36,0
San Luis Obispo,4,2020-09-08T04:00Z,079,281455,1,Widespread,2020-37,0
San Luis Obispo,4,2020-09-15T04:00Z,079,281455,1,Widespread,2020-38,0
San Luis Obispo,3,2020-09-25T04:00Z,079,281455,2,Substantial,2020-39,1
San Luis Obispo,3,2020-09-29T04:00Z,079,281455,2,Substantial,2020-40,0
San Luis Obispo,3,2020-10-06T04:00Z,079,281455,2,Substantial,2020-41,0
San Luis Obispo,3,2020-10-13T04:00Z,079,281455,2,Substantial,2020-42,0
San Luis Obispo,3,2020-10-20T04:00Z,079,281455,2,Substantial,2020-43,0
San Luis Obispo,3,2020-10-27T04:00Z,079,281455,2,Substantial,2020-44,0
San Luis Obispo,3,2020-11-04T05:00Z,079,281455,2,Substantial,2020-45,0
San Luis Obispo,3,2020-11-11T05:00Z,079,281455,2,Substantial,2020-46,0
San Luis Obispo,4,2020-11-16T05:00Z,079,281455,1,Widespread,2020-47,-1
San Luis Obispo,4,2020-11-28T05:00Z,079,281455,1,Widespread,2020-48,0
San Luis Obispo,4,2020-12-01T05:00Z,079,281455,1,Widespread,2020-49,0
San Luis Obispo,4,2020-12-08T05:00Z,079,281455,1,Widespread,2020-50,0
San Mateo,4,2020-08-29T04:00Z,081,765935,1,Widespread,2020-35,
San Mateo,4,2020-08-31T04:00Z,081,765935,1,Widespread,2020-36,0
San Mateo,4,2020-09-08T04:00Z,081,765935,1,Widespread,2020-37,0
San Mateo,4,2020-09-15T04:00Z,081,765935,1,Widespread,2020-38,0
San Mateo,3,2020-09-25T04:00Z,081,765935,2,Substantial,2020-39,1
San Mateo,3,2020-09-29T04:00Z,081,765935,2,Substantial,2020-40,0
San Mateo,3,2020-10-06T04:00Z,081,765935,2,Substantial,2020-41,0
San Mateo,3,2020-10-13T04:00Z,081,765935,2,Substantial,2020-42,0
San Mateo,3,2020-10-20T04:00Z,081,765935,2,Substantial,2020-43,0
San Mateo,2,2020-10-27T04:00Z,081,765935,3,Moderate,2020-44,1
San Mateo,2,2020-11-04T05:00Z,081,765935,3,Moderate,2020-45,0
San Mateo,2,2020-11-11T05:00Z,081,765935,3,Moderate,2020-46,0
San Mateo,3,2020-11-16T05:00Z,081,765935,2,Substantial,2020-47,-1
San Mateo,4,2020-11-28T05:00Z,081,765935,1,Widespread,2020-48,-1
San Mateo,4,2020-12-01T05:00Z,081,765935,1,Widespread,2020-49,0
San Mateo,4,2020-12-08T05:00Z,081,765935,1,Widespread,2020-50,0
Santa Barbara,4,2020-08-29T04:00Z,083,443738,1,Widespread,2020-35,
Santa Barbara,4,2020-08-31T04:00Z,083,443738,1,Widespread,2020-36,0
Santa Barbara,4,2020-09-08T04:00Z,083,443738,1,Widespread,2020-37,0
Santa Barbara,4,2020-09-15T04:00Z,083,443738,1,Widespread,2020-38,0
Santa Barbara,4,2020-09-25T04:00Z,083,443738,1,Widespread,2020-39,0
Santa Barbara,3,2020-09-29T04:00Z,083,443738,2,Substantial,2020-40,1
Santa Barbara,3,2020-10-06T04:00Z,083,443738,2,Substantial,2020-41,0
Santa Barbara,3,2020-10-13T04:00Z,083,443738,2,Substantial,2020-42,0
Santa Barbara,3,2020-10-20T04:00Z,083,443738,2,Substantial,2020-43,0
Santa Barbara,3,2020-10-27T04:00Z,083,443738,2,Substantial,2020-44,0
Santa Barbara,3,2020-11-04T05:00Z,083,443738,2,Substantial,2020-45,0
Santa Barbara,3,2020-11-11T05:00Z,083,443738,2,Substantial,2020-46,0
Santa Barbara,4,2020-11-16T05:00Z,083,443738,1,Widespread,2020-47,-1
Santa Barbara,4,2020-11-28T05:00Z,083,443738,1,Widespread,2020-48,0
Santa Barbara,4,2020-12-01T05:00Z,083,443738,1,Widespread,2020-49,0
Santa Barbara,4,2020-12-08T05:00Z,083,443738,1,Widespread,2020-50,0
Santa Clara,4,2020-08-29T04:00Z,085,1922200,1,Widespread,2020-35,
Santa Clara,4,2020-08-31T04:00Z,085,1922200,1,Widespread,2020-36,0
Santa Clara,3,2020-09-08T04:00Z,085,1922200,2,Substantial,2020-37,1
Santa Clara,3,2020-09-15T04:00Z,085,1922200,2,Substantial,2020-38,0
Santa Clara,3,2020-09-25T04:00Z,085,1922200,2,Substantial,2020-39,0
Santa Clara,3,2020-09-29T04:00Z,085,1922200,2,Substantial,2020-40,0
Santa Clara,3,2020-10-06T04:00Z,085,1922200,2,Substantial,2020-41,0
Santa Clara,2,2020-10-13T04:00Z,085,1922200,3,Moderate,2020-42,1
Santa Clara,2,2020-10-20T04:00Z,085,1922200,3,Moderate,2020-43,0
Santa Clara,2,2020-10-27T04:00Z,085,1922200,3,Moderate,2020-44,0
Santa Clara,2,2020-11-04T05:00Z,085,1922200,3,Moderate,2020-45,0
Santa Clara,2,2020-11-11T05:00Z,085,1922200,3,Moderate,2020-46,0
Santa Clara,4,2020-11-16T05:00Z,085,1922200,1,Widespread,2020-47,-2
Santa Clara,4,2020-11-28T05:00Z,085,1922200,1,Widespread,2020-48,0
Santa Clara,4,2020-12-01T05:00Z,085,1922200,1,Widespread,2020-49,0
Santa Clara,4,2020-12-08T05:00Z,085,1922200,1,Widespread,2020-50,0
Santa Cruz,4,2020-08-29T04:00Z,087,273765,1,Widespread,2020-35,
Santa Cruz,4,2020-08-31T04:00Z,087,273765,1,Widespread,2020-36,0
Santa Cruz,3,2020-09-08T04:00Z,087,273765,2,Substantial,2020-37,1
Santa Cruz,3,2020-09-15T04:00Z,087,273765,2,Substantial,2020-38,0
Santa Cruz,3,2020-09-25T04:00Z,087,273765,2,Substantial,2020-39,0
Santa Cruz,3,2020-09-29T04:00Z,087,273765,2,Substantial,2020-40,0
Santa Cruz,3,2020-10-06T04:00Z,087,273765,2,Substantial,2020-41,0
Santa Cruz,3,2020-10-13T04:00Z,087,273765,2,Substantial,2020-42,0
Santa Cruz,3,2020-10-20T04:00Z,087,273765,2,Substantial,2020-43,0
Santa Cruz,2,2020-10-27T04:00Z,087,273765,3,Moderate,2020-44,1
Santa Cruz,2,2020-11-04T05:00Z,087,273765,3,Moderate,2020-45,0
Santa Cruz,3,2020-11-11T05:00Z,087,273765,2,Substantial,2020-46,-1
Santa Cruz,4,2020-11-16T05:00Z,087,273765,1,Widespread,2020-47,-1
Santa Cruz,4,2020-11-28T05:00Z,087,273765,1,Widespread,2020-48,0
Santa Cruz,4,2020-12-01T05:00Z,087,273765,1,Widespread,2020-49,0
Santa Cruz,4,2020-12-08T05:00Z,087,273765,1,Widespread,2020-50,0
Shasta,2,2020-08-29T04:00Z,089,179085,3,Moderate,2020-35,
Shasta,2,2020-08-31T04:00Z,089,179085,3,Moderate,2020-36,0
Shasta,2,2020-09-08T04:00Z,089,179085,3,Moderate,2020-37,0
Shasta,2,2020-09-15T04:00Z,089,179085,3,Moderate,2020-38,0
Shasta,2,2020-09-25T04:00Z,089,179085,3,Moderate,2020-39,0
Shasta,2,2020-09-29T04:00Z,089,179085,3,Moderate,2020-40,0
Shasta,3,2020-10-06T04:00Z,089,179085,2,Substantial,2020-41,-1
Shasta,3,2020-10-13T04:00Z,089,179085,2,Substantial,2020-42,0
Shasta,4,2020-10-20T04:00Z,089,179085,1,Widespread,2020-43,-1
Shasta,3,2020-10-27T04:00Z,089,179085,2,Substantial,2020-44,1
Shasta,4,2020-11-04T05:00Z,089,179085,1,Widespread,2020-45,-1
Shasta,4,2020-11-11T05:00Z,089,179085,1,Widespread,2020-46,0
Shasta,4,2020-11-16T05:00Z,089,179085,1,Widespread,2020-47,0
Shasta,4,2020-11-28T05:00Z,089,179085,1,Widespread,2020-48,0
Shasta,4,2020-12-01T05:00Z,089,179085,1,Widespread,2020-49,0
Shasta,4,2020-12-08T05:00Z,089,179085,1,Widespread,2020-50,0
Sierra,3,2020-08-29T04:00Z,091,2930,2,Substantial,2020-35,
Sierra,3,2020-08-31T04:00Z,091,2930,2,Substantial,2020-36,0
Sierra,3,2020-09-08T04:00Z,091,2930,2,Substantial,2020-37,0
Sierra,3,2020-09-15T04:00Z,091,2930,2,Substantial,2020-38,0
Sierra,2,2020-09-25T04:00Z,091,2930,3,Moderate,2020-39,1
Sierra,2,2020-09-29T04:00Z,091,2930,3,Moderate,2020-40,0
Sierra,2,2020-10-06T04:00Z,091,2930,3,Moderate,2020-41,0
Sierra,1,2020-10-13T04:00Z,091,2930,4,Minimal,2020-42,1
Sierra,1,2020-10-20T04:00Z,091,2930,4,Minimal,2020-43,0
Sierra,1,2020-10-27T04:00Z,091,2930,4,Minimal,2020-44,0
Sierra,1,2020-11-04T05:00Z,091,2930,4,Minimal,2020-45,0
Sierra,1,2020-11-11T05:00Z,091,2930,4,Minimal,2020-46,0
Sierra,2,2020-11-16T05:00Z,091,2930,3,Moderate,2020-47,-1
Sierra,2,2020-11-28T05:00Z,091,2930,3,Moderate,2020-48,0
Sierra,2,2020-12-01T05:00Z,091,2930,3,Moderate,2020-49,0
Sierra,2,2020-12-08T05:00Z,091,2930,3,Moderate,2020-50,0
Siskiyou,2,2020-08-29T04:00Z,093,43540,3,Moderate,2020-35,
Siskiyou,2,2020-08-31T04:00Z,093,43540,3,Moderate,2020-36,0
Siskiyou,2,2020-09-08T04:00Z,093,43540,3,Moderate,2020-37,0
Siskiyou,2,2020-09-15T04:00Z,093,43540,3,Moderate,2020-38,0
Siskiyou,2,2020-09-25T04:00Z,093,43540,3,Moderate,2020-39,0
Siskiyou,2,2020-09-29T04:00Z,093,43540,3,Moderate,2020-40,0
Siskiyou,1,2020-10-06T04:00Z,093,43540,4,Minimal,2020-41,1
Siskiyou,1,2020-10-13T04:00Z,093,43540,4,Minimal,2020-42,0
Siskiyou,1,2020-10-20T04:00Z,093,43540,4,Minimal,2020-43,0
Siskiyou,1,2020-10-27T04:00Z,093,43540,4,Minimal,2020-44,0
Siskiyou,1,2020-11-04T05:00Z,093,43540,4,Minimal,2020-45,0
Siskiyou,2,2020-11-11T05:00Z,093,43540,3,Moderate,2020-46,-1
Siskiyou,4,2020-11-16T05:00Z,093,43540,1,Widespread,2020-47,-2
Siskiyou,4,2020-11-28T05:00Z,093,43540,1,Widespread,2020-48,0
Siskiyou,4,2020-12-01T05:00Z,093,43540,1,Widespread,2020-49,0
Siskiyou,4,2020-12-08T05:00Z,093,43540,1,Widespread,2020-50,0
Solano,4,2020-08-29T04:00Z,095,438530,1,Widespread,2020-35,
Solano,4,2020-08-31T04:00Z,095,438530,1,Widespread,2020-36,0
Solano,4,2020-09-08T04:00Z,095,438530,1,Widespread,2020-37,0
Solano,4,2020-09-15T04:00Z,095,438530,1,Widespread,2020-38,0
Solano,3,2020-09-25T04:00Z,095,438530,2,Substantial,2020-39,1
Solano,3,2020-09-29T04:00Z,095,438530,2,Substantial,2020-40,0
Solano,3,2020-10-06T04:00Z,095,438530,2,Substantial,2020-41,0
Solano,3,2020-10-13T04:00Z,095,438530,2,Substantial,2020-42,0
Solano,3,2020-10-20T04:00Z,095,438530,2,Substantial,2020-43,0
Solano,3,2020-10-27T04:00Z,095,438530,2,Substantial,2020-44,0
Solano,3,2020-11-04T05:00Z,095,438530,2,Substantial,2020-45,0
Solano,3,2020-11-11T05:00Z,095,438530,2,Substantial,2020-46,0
Solano,4,2020-11-16T05:00Z,095,438530,1,Widespread,2020-47,-1
Solano,4,2020-11-28T05:00Z,095,438530,1,Widespread,2020-48,0
Solano,4,2020-12-01T05:00Z,095,438530,1,Widespread,2020-49,0
Solano,4,2020-12-08T05:00Z,095,438530,1,Widespread,2020-50,0
Sonoma,4,2020-08-29T04:00Z,097,501317,1,Widespread,2020-35,
Sonoma,4,2020-08-31T04:00Z,097,501317,1,Widespread,2020-36,0
Sonoma,4,2020-09-08T04:00Z,097,501317,1,Widespread,2020-37,0
Sonoma,4,2020-09-15T04:00Z,097,501317,1,Widespread,2020-38,0
Sonoma,4,2020-09-25T04:00Z,097,501317,1,Widespread,2020-39,0
Sonoma,4,2020-09-29T04:00Z,097,501317,1,Widespread,2020-40,0
Sonoma,4,2020-10-06T04:00Z,097,501317,1,Widespread,2020-41,0
Sonoma,4,2020-10-13T04:00Z,097,501317,1,Widespread,2020-42,0
Sonoma,4,2020-10-20T04:00Z,097,501317,1,Widespread,2020-43,0
Sonoma,4,2020-10-27T04:00Z,097,501317,1,Widespread,2020-44,0
Sonoma,4,2020-11-04T05:00Z,097,501317,1,Widespread,2020-45,0
Sonoma,4,2020-11-11T05:00Z,097,501317,1,Widespread,2020-46,0
Sonoma,4,2020-11-16T05:00Z,097,501317,1,Widespread,2020-47,0
Sonoma,4,2020-11-28T05:00Z,097,501317,1,Widespread,2020-48,0
Sonoma,4,2020-12-01T05:00Z,097,501317,1,Widespread,2020-49,0
Sonoma,4,2020-12-08T05:00Z,097,501317,1,Widespread,2020-50,0
Stanislaus,4,2020-08-29T04:00Z,099,539301,1,Widespread,2020-35,
Stanislaus,4,2020-08-31T04:00Z,099,539301,1,Widespread,2020-36,0
Stanislaus,4,2020-09-08T04:00Z,099,539301,1,Widespread,2020-37,0
Stanislaus,4,2020-09-15T04:00Z,099,539301,1,Widespread,2020-38,0
Stanislaus,4,2020-09-25T04:00Z,099,539301,1,Widespread,2020-39,0
Stanislaus,4,2020-09-29T04:00Z,099,539301,1,Widespread,2020-40,0
Stanislaus,4,2020-10-06T04:00Z,099,539301,1,Widespread,2020-41,0
Stanislaus,3,2020-10-13T04:00Z,099,539301,2,Substantial,2020-42,1
Stanislaus,3,2020-10-20T04:00Z,099,539301,2,Substantial,2020-43,0
Stanislaus,3,2020-10-27T04:00Z,099,539301,2,Substantial,2020-44,0
Stanislaus,3,2020-11-04T05:00Z,099,539301,2,Substantial,2020-45,0
Stanislaus,3,2020-11-11T05:00Z,099,539301,2,Substantial,2020-46,0
Stanislaus,4,2020-11-16T05:00Z,099,539301,1,Widespread,2020-47,-1
Stanislaus,4,2020-11-28T05:00Z,099,539301,1,Widespread,2020-48,0
Stanislaus,4,2020-12-01T05:00Z,099,539301,1,Widespread,2020-49,0
Stanislaus,4,2020-12-08T05:00Z,099,539301,1,Widespread,2020-50,0
Sutter,4,2020-08-29T04:00Z,101,95872,1,Widespread,2020-35,
Sutter,4,2020-08-31T04:00Z,101,95872,1,Widespread,2020-36,0
Sutter,4,2020-09-08T04:00Z,101,95872,1,Widespread,2020-37,0
Sutter,4,2020-09-15T04:00Z,101,95872,1,Widespread,2020-38,0
Sutter,4,2020-09-25T04:00Z,101,95872,1,Widespread,2020-39,0
Sutter,4,2020-09-29T04:00Z,101,95872,1,Widespread,2020-40,0
Sutter,4,2020-10-06T04:00Z,101,95872,1,Widespread,2020-41,0
Sutter,3,2020-10-13T04:00Z,101,95872,2,Substantial,2020-42,1
Sutter,3,2020-10-20T04:00Z,101,95872,2,Substantial,2020-43,0
Sutter,3,2020-10-27T04:00Z,101,95872,2,Substantial,2020-44,0
Sutter,3,2020-11-04T05:00Z,101,95872,2,Substantial,2020-45,0
Sutter,3,2020-11-11T05:00Z,101,95872,2,Substantial,2020-46,0
Sutter,4,2020-11-16T05:00Z,101,95872,1,Widespread,2020-47,-1
Sutter,4,2020-11-28T05:00Z,101,95872,1,Widespread,2020-48,0
Sutter,4,2020-12-01T05:00Z,101,95872,1,Widespread,2020-49,0
Sutter,4,2020-12-08T05:00Z,101,95872,1,Widespread,2020-50,0
Tehama,4,2020-08-29T04:00Z,103,63373,1,Widespread,2020-35,
Tehama,4,2020-08-31T04:00Z,103,63373,1,Widespread,2020-36,0
Tehama,4,2020-09-08T04:00Z,103,63373,1,Widespread,2020-37,0
Tehama,3,2020-09-15T04:00Z,103,63373,2,Substantial,2020-38,1
Tehama,3,2020-09-25T04:00Z,103,63373,2,Substantial,2020-39,0
Tehama,3,2020-09-29T04:00Z,103,63373,2,Substantial,2020-40,0
Tehama,4,2020-10-06T04:00Z,103,63373,1,Widespread,2020-41,-1
Tehama,4,2020-10-13T04:00Z,103,63373,1,Widespread,2020-42,0
Tehama,4,2020-10-20T04:00Z,103,63373,1,Widespread,2020-43,0
Tehama,4,2020-10-27T04:00Z,103,63373,1,Widespread,2020-44,0
Tehama,4,2020-11-04T05:00Z,103,63373,1,Widespread,2020-45,0
Tehama,4,2020-11-11T05:00Z,103,63373,1,Widespread,2020-46,0
Tehama,4,2020-11-16T05:00Z,103,63373,1,Widespread,2020-47,0
Tehama,4,2020-11-28T05:00Z,103,63373,1,Widespread,2020-48,0
Tehama,4,2020-12-01T05:00Z,103,63373,1,Widespread,2020-49,0
Tehama,4,2020-12-08T05:00Z,103,63373,1,Widespread,2020-50,0
Trinity,2,2020-08-29T04:00Z,105,12862,3,Moderate,2020-35,
Trinity,2,2020-08-31T04:00Z,105,12862,3,Moderate,2020-36,0
Trinity,2,2020-09-08T04:00Z,105,12862,3,Moderate,2020-37,0
Trinity,2,2020-09-15T04:00Z,105,12862,3,Moderate,2020-38,0
Trinity,2,2020-09-25T04:00Z,105,12862,3,Moderate,2020-39,0
Trinity,2,2020-09-29T04:00Z,105,12862,3,Moderate,2020-40,0
Trinity,1,2020-10-06T04:00Z,105,12862,4,Minimal,2020-41,1
Trinity,1,2020-10-13T04:00Z,105,12862,4,Minimal,2020-42,0
Trinity,1,2020-10-20T04:00Z,105,12862,4,Minimal,2020-43,0
Trinity,1,2020-10-27T04:00Z,105,12862,4,Minimal,2020-44,0
Trinity,1,2020-11-04T05:00Z,105,12862,4,Minimal,2020-45,0
Trinity,2,2020-11-11T05:00Z,105,12862,3,Moderate,2020-46,-1
Trinity,4,2020-11-16T05:00Z,105,12862,1,Widespread,2020-47,-2
Trinity,4,2020-11-28T05:00Z,105,12862,1,Widespread,2020-48,0
Trinity,4,2020-12-01T05:00Z,105,12862,1,Widespread,2020-49,0
Trinity,4,2020-12-08T05:00Z,105,12862,1,Widespread,2020-50,0
Tulare,4,2020-08-29T04:00Z,107,460477,1,Widespread,2020-35,
Tulare,4,2020-08-31T04:00Z,107,460477,1,Widespread,2020-36,0
Tulare,4,2020-09-08T04:00Z,107,460477,1,Widespread,2020-37,0
Tulare,4,2020-09-15T04:00Z,107,460477,1,Widespread,2020-38,0
Tulare,4,2020-09-25T04:00Z,107,460477,1,Widespread,2020-39,0
Tulare,4,2020-09-29T04:00Z,107,460477,1,Widespread,2020-40,0
Tulare,4,2020-10-06T04:00Z,107,460477,1,Widespread,2020-41,0
Tulare,4,2020-10-13T04:00Z,107,460477,1,Widespread,2020-42,0
Tulare,4,2020-10-20T04:00Z,107,460477,1,Widespread,2020-43,0
Tulare,4,2020-10-27T04:00Z,107,460477,1,Widespread,2020-44,0
Tulare,4,2020-11-04T05:00Z,107,460477,1,Widespread,2020-45,0
Tulare,4,2020-11-11T05:00Z,107,460477,1,Widespread,2020-46,0
Tulare,4,2020-11-16T05:00Z,107,460477,1,Widespread,2020-47,0
Tulare,4,2020-11-28T05:00Z,107,460477,1,Widespread,2020-48,0
Tulare,4,2020-12-01T05:00Z,107,460477,1,Widespread,2020-49,0
Tulare,4,2020-12-08T05:00Z,107,460477,1,Widespread,2020-50,0
Tuolumne,1,2020-08-29T04:00Z,109,53932,4,Minimal,2020-35,
Tuolumne,2,2020-08-31T04:00Z,109,53932,3,Moderate,2020-36,-1
Tuolumne,2,2020-09-08T04:00Z,109,53932,3,Moderate,2020-37,0
Tuolumne,2,2020-09-15T04:00Z,109,53932,3,Moderate,2020-38,0
Tuolumne,2,2020-09-25T04:00Z,109,53932,3,Moderate,2020-39,0
Tuolumne,2,2020-09-29T04:00Z,109,53932,3,Moderate,2020-40,0
Tuolumne,2,2020-10-06T04:00Z,109,53932,3,Moderate,2020-41,0
Tuolumne,2,2020-10-13T04:00Z,109,53932,3,Moderate,2020-42,0
Tuolumne,2,2020-10-20T04:00Z,109,53932,3,Moderate,2020-43,0
Tuolumne,2,2020-10-27T04:00Z,109,53932,3,Moderate,2020-44,0
Tuolumne,2,2020-11-04T05:00Z,109,53932,3,Moderate,2020-45,0
Tuolumne,2,2020-11-11T05:00Z,109,53932,3,Moderate,2020-46,0
Tuolumne,4,2020-11-16T05:00Z,109,53932,1,Widespread,2020-47,-2
Tuolumne,4,2020-11-28T05:00Z,109,53932,1,Widespread,2020-48,0
Tuolumne,4,2020-12-01T05:00Z,109,53932,1,Widespread,2020-49,0
Tuolumne,4,2020-12-08T05:00Z,109,53932,1,Widespread,2020-50,0
Ventura,4,2020-08-29T04:00Z,111,848112,1,Widespread,2020-35,
Ventura,4,2020-08-31T04:00Z,111,848112,1,Widespread,2020-36,0
Ventura,4,2020-09-08T04:00Z,111,848112,1,Widespread,2020-37,0
Ventura,4,2020-09-15T04:00Z,111,848112,1,Widespread,2020-38,0
Ventura,4,2020-09-25T04:00Z,111,848112,1,Widespread,2020-39,0
Ventura,4,2020-09-29T04:00Z,111,848112,1,Widespread,2020-40,0
Ventura,3,2020-10-06T04:00Z,111,848112,2,Substantial,2020-41,1
Ventura,3,2020-10-13T04:00Z,111,848112,2,Substantial,2020-42,0
Ventura,3,2020-10-20T04:00Z,111,848112,2,Substantial,2020-43,0
Ventura,3,2020-10-27T04:00Z,111,848112,2,Substantial,2020-44,0
Ventura,3,2020-11-04T05:00Z,111,848112,2,Substantial,2020-45,0
Ventura,3,2020-11-11T05:00Z,111,848112,2,Substantial,2020-46,0
Ventura,4,2020-11-16T05:00Z,111,848112,1,Widespread,2020-47,-1
Ventura,4,2020-11-28T05:00Z,111,848112,1,Widespread,2020-48,0
Ventura,4,2020-12-01T05:00Z,111,848112,1,Widespread,2020-49,0
Ventura,4,2020-12-08T05:00Z,111,848112,1,Widespread,2020-50,0
Yolo,4,2020-08-29T04:00Z,113,214977,1,Widespread,2020-35,
Yolo,4,2020-08-31T04:00Z,113,214977,1,Widespread,2020-36,0
Yolo,4,2020-09-08T04:00Z,113,214977,1,Widespread,2020-37,0
Yolo,4,2020-09-15T04:00Z,113,214977,1,Widespread,2020-38,0
Yolo,4,2020-09-25T04:00Z,113,214977,1,Widespread,2020-39,0
Yolo,3,2020-09-29T04:00Z,113,214977,2,Substantial,2020-40,1
Yolo,3,2020-10-06T04:00Z,113,214977,2,Substantial,2020-41,0
Yolo,3,2020-10-13T04:00Z,113,214977,2,Substantial,2020-42,0
Yolo,3,2020-10-20T04:00Z,113,214977,2,Substantial,2020-43,0
Yolo,3,2020-10-27T04:00Z,113,214977,2,Substantial,2020-44,0
Yolo,3,2020-11-04T05:00Z,113,214977,2,Substantial,2020-45,0
Yolo,3,2020-11-11T05:00Z,113,214977,2,Substantial,2020-46,0
Yolo,4,2020-11-16T05:00Z,113,214977,1,Widespread,2020-47,-1
Yolo,4,2020-11-28T05:00Z,113,214977,1,Widespread,2020-48,0
Yolo,4,2020-12-01T05:00Z,113,214977,1,Widespread,2020-49,0
Yolo,4,2020-12-08T05:00Z,113,214977,1,Widespread,2020-50,0
Yuba,4,2020-08-29T04:00Z,115,75493,1,Widespread,2020-35,
Yuba,4,2020-08-31T04:00Z,115,75493,1,Widespread,2020-36,0
Yuba,4,2020-09-08T04:00Z,115,75493,1,Widespread,2020-37,0
Yuba,4,2020-09-15T04:00Z,115,75493,1,Widespread,2020-38,0
Yuba,4,2020-09-25T04:00Z,115,75493,1,Widespread,2020-39,0
Yuba,4,2020-09-29T04:00Z,115,75493,1,Widespread,2020-40,0
Yuba,3,2020-10-06T04:00Z,115,75493,2,Substantial,2020-41,1
Yuba,3,2020-10-13T04:00Z,115,75493,2,Substantial,2020-42,0
Yuba,3,2020-10-20T04:00Z,115,75493,2,Substantial,2020-43,0
Yuba,3,2020-10-27T04:00Z,115,75493,2,Substantial,2020-44,0
Yuba,3,2020-11-04T05:00Z,115,75493,2,Substantial,2020-45,0
Yuba,3,2020-11-11T05:00Z,115,75493,2,Substantial,2020-46,0
Yuba,4,2020-11-16T05:00Z,115,75493,1,Widespread,2020-47,-1
Yuba,4,2020-11-28T05:00Z,115,75493,1,Widespread,2020-48,0
Yuba,4,2020-12-01T05:00Z,115,75493,1,Widespread,2020-49,0
Yuba,4,2020-12-08T05:00Z,115,75493,1,Widespread,2020-50,0